Alloy,Finish,Length,Weight,Tolerances,GD&T,Order Quantity,LME price,Customer Category,Lead Time (weeks),Quote Price (SEK),Quote Date,Profile Name
3.0,5.0,19.4,1.266,0.175,0.0,155702,3.76,1.0,8.0,1.98,2025-05-01,3.046009221581059
4.0,6.0,34.7,1.729,0.104,2.0,107945,3.48,2.0,7.0,2.83,2025-09-10,3.062259065444224
1.0,5.0,35.0,1.415,0.187,2.0,133490,2.97,1.0,11.0,2.37,2025-04-03,3.026463940914762
4.0,5.0,27.5,0.952,0.135,2.0,132768,2.6,0.0,2.0,2.39,2025-09-13,2.9375177153896486
4.0,4.0,15.9,1.453,0.077,1.0,58805,2.74,3.0,2.0,3.69,2025-09-11,3.013513887499976
0.0,2.0,22.4,1.133,0.071,1.0,69013,3.54,0.0,9.0,3.51,2025-12-18,3.011032233730564
1.0,1.0,30.0,1.462,0.136,1.0,86687,4.04,2.0,5.0,3.2,2025-10-15,3.10689643256313
1.0,5.0,38.4,0.901,0.164,2.0,75469,2.88,1.0,6.0,3.4,2025-11-05,3.0648188372108853
1.0,3.0,30.3,0.997,0.167,2.0,105582,3.72,2.0,8.0,2.87,2025-02-28,2.9937236900826454
4.0,5.0,21.7,1.617,0.091,1.0,109811,3.93,3.0,9.0,2.79,2025-03-10,2.8745017071655603
3.0,5.0,30.4,1.044,0.081,1.0,84042,3.38,2.0,11.0,3.25,2025-03-27,3.011032233730564
1.0,5.0,28.2,1.6,0.053,2.0,72822,3.61,1.0,8.0,3.45,2025-10-01,2.9937236900826454
5.0,4.0,33.8,1.092,0.152,0.0,113432,3.85,3.0,3.0,2.73,2025-08-15,2.9937236900826454
4.0,2.0,18.2,1.423,0.061,1.0,151922,2.96,3.0,5.0,2.05,2025-03-22,3.016381209738393
0.0,4.0,33.3,1.469,0.113,2.0,151064,3.02,1.0,11.0,2.06,2025-04-24,3.09652277694896
3.0,0.0,28.3,1.304,0.14,2.0,135789,2.55,1.0,2.0,2.33,2025-07-03,3.0222951873117756
5.0,4.0,38.0,1.115,0.191,0.0,131697,4.08,1.0,11.0,2.41,2025-10-07,3.0232032781531757
5.0,3.0,23.6,1.031,0.097,2.0,36180,4.01,2.0,7.11,4.09,2025-11-18,3.034301951522985
0.0,3.0,30.4,0.867,0.087,2.0,75754,3.77,0.0,5.88,3.39,2025-11-14,3.1117428131408658
3.0,4.0,37.3,1.114,0.148,1.0,88011,2.68,2.0,4.0,3.18,2025-02-23,2.9375177153896486
4.0,2.0,18.1,1.432,0.143,1.0,75839,3.26,2.0,11.0,3.39,2025-07-16,3.016381209738393
2.0,6.0,37.4,1.692,0.1,0.0,141284,2.71,0.0,10.0,2.24,2025-10-20,2.8745017071655603
3.0,1.0,31.6,1.631,0.189,0.0,100621,2.58,1.0,11.0,2.95,2025-10-20,2.9999795939529976
0.0,2.0,17.3,1.535,0.177,2.0,120285,3.53,1.0,4.0,2.61,2025-10-18,3.10689643256313
5.0,4.0,22.7,1.555,0.084,1.0,47099,4.08,0.0,9.0,3.9,2025-06-29,3.0795279079411197
4.0,5.0,32.1,1.443,0.086,0.0,146884,3.99,0.0,6.4,2.14,2025-08-10,3.0962788541735726
3.0,7.0,17.3,1.074,0.127,0.0,137143,3.66,2.0,4.0,2.31,2025-10-01,2.9550344537328104
2.0,1.0,29.2,1.663,0.166,0.0,92402,2.7,3.0,3.0,3.1,2025-09-01,3.044509155857308
2.0,1.0,23.7,1.448,0.057,2.0,83026,2.99,0.0,2.0,3.27,2025-06-03,2.9412144291660236
1.0,3.0,30.1,1.348,0.154,1.0,81084,3.06,2.0,3.0,3.3,2025-10-31,3.026463940914762
1.0,1.0,16.8,0.938,0.147,0.0,152664,3.76,3.0,9.0,2.03,2025-09-30,3.0232032781531757
0.0,4.0,35.9,1.244,0.085,1.0,145334,3.83,1.0,10.0,2.16,2025-05-15,3.011032233730564
3.0,5.0,38.3,1.257,0.152,0.0,75633,3.16,1.0,3.0,3.4,2025-11-09,3.026463940914762
3.0,5.0,38.1,1.625,0.191,0.0,73128,3.21,2.0,8.0,3.44,2025-01-08,3.021062726997556
5.0,0.0,33.1,1.335,0.057,1.0,101826,2.62,2.0,6.0,2.93,2025-05-08,3.0831076548036767
5.0,5.0,18.7,1.184,0.098,1.0,86662,3.01,0.0,4.0,3.2,2025-02-25,3.087997768086914
5.0,2.0,33.3,1.727,0.116,1.0,86297,3.27,1.0,10.0,3.21,2025-05-06,3.0025806634131804
1.0,5.0,16.3,0.938,0.185,2.0,156273,2.74,2.0,7.0,1.97,2025-06-08,3.043530945336403
3.0,3.0,16.2,1.222,0.194,0.0,82641,3.27,1.0,12.0,3.27,2025-02-28,3.016381209738393
3.0,5.0,23.2,0.876,0.117,2.0,51373,3.91,1.0,2.0,3.83,2025-02-27,3.062259065444224
2.0,0.0,27.0,1.511,0.163,1.0,134699,3.47,0.0,6.0,2.35,2025-05-20,3.043530945336403
1.0,7.0,33.6,1.673,0.13,0.0,46849,2.68,3.0,7.53,3.91,2025-06-25,3.0795279079411197
4.0,4.0,31.5,1.092,0.131,2.0,116095,2.85,0.0,5.0,2.68,2025-04-18,3.037531183193787
1.0,3.0,26.0,1.619,0.092,0.0,89220,3.3,2.0,9.0,3.16,2025-07-30,3.0820983132609805
4.0,2.0,22.1,1.103,0.083,2.0,117626,3.12,0.0,11.0,2.65,2025-03-15,3.0820983132609805
2.0,7.0,38.8,1.667,0.093,1.0,107815,3.12,0.0,6.0,2.83,2025-06-16,3.0232032781531757
0.0,3.0,25.6,1.524,0.133,2.0,52616,3.39,1.0,10.0,3.8,2025-12-23,3.041944162037055
3.0,6.0,26.2,1.57,0.054,0.0,58483,3.48,0.0,10.0,3.7,2025-10-31,3.037531183193787
2.0,1.0,19.5,0.854,0.186,0.0,126160,3.82,2.0,10.0,2.5,2025-08-21,3.087997768086914
3.0,6.0,34.1,1.714,0.073,0.0,56924,3.09,3.0,7.89,3.73,2025-11-23,3.034301951522985
5.0,5.0,31.8,1.499,0.083,0.0,94815,3.83,0.0,3.0,3.06,2025-07-01,3.087997768086914
0.0,7.0,20.8,1.115,0.128,1.0,136012,3.09,0.0,4.0,2.33,2025-05-02,2.8482505569999232
0.0,5.0,17.6,1.593,0.157,2.0,118081,2.64,3.0,5.0,2.65,2025-11-30,2.9975199999999997
2.0,1.0,31.5,1.094,0.064,1.0,79005,3.43,2.0,11.0,3.34,2025-07-22,2.971753113841859
0.0,3.0,30.9,1.632,0.098,1.0,121626,3.48,2.0,10.0,2.58,2025-01-29,3.034301951522985
4.0,1.0,22.0,0.94,0.195,1.0,59056,4.04,0.0,11.0,3.69,2025-07-21,3.016381209738393
0.0,0.0,37.7,1.478,0.089,0.0,92690,3.7,1.0,7.0,3.1,2025-04-03,3.0115077099347927
3.0,1.0,19.2,1.33,0.097,0.0,100669,4.01,0.0,2.0,2.95,2025-11-25,3.1074473460558387
3.0,0.0,25.7,0.925,0.175,0.0,103121,3.99,3.0,10.0,2.91,2025-12-22,3.0795279079411197
3.0,1.0,37.6,1.058,0.058,2.0,41889,3.51,3.0,7.0,3.99,2025-06-25,2.9412144291660236
3.0,4.0,25.4,0.849,0.12,0.0,145312,3.39,3.0,5.51,2.16,2025-11-26,2.8482505569999232
4.0,0.0,30.5,1.264,0.107,2.0,46416,3.44,0.0,5.0,3.91,2025-07-30,2.9604674090272924
1.0,7.0,24.9,1.112,0.097,0.0,105481,4.11,0.0,4.0,2.87,2025-07-03,3.0154098177212205
5.0,5.0,22.1,1.382,0.093,0.0,77086,3.78,2.0,8.0,3.37,2025-04-05,3.0232032781531757
2.0,2.0,38.5,1.108,0.064,1.0,126986,2.72,1.0,4.0,2.49,2025-09-30,3.087997768086914
3.0,5.0,25.2,1.11,0.097,1.0,156011,3.79,0.0,3.0,1.98,2025-05-17,3.0025806634131804
0.0,6.0,36.4,1.514,0.056,1.0,108725,2.82,2.0,11.0,2.81,2025-08-25,3.1466564880282992
3.0,5.0,21.0,1.587,0.167,2.0,62586,3.26,0.0,9.0,3.63,2025-12-19,3.021062726997556
0.0,3.0,20.7,1.66,0.11,2.0,135381,2.88,2.0,5.0,2.34,2025-09-22,3.0025806634131804
5.0,4.0,16.4,1.613,0.117,0.0,48294,3.65,2.0,9.0,3.88,2025-05-15,2.9975199999999997
5.0,1.0,30.8,1.445,0.184,2.0,133339,3.94,1.0,2.0,2.38,2025-05-24,3.10689643256313
5.0,6.0,24.3,1.378,0.149,0.0,144215,3.01,0.0,5.43,2.18,2025-01-19,2.9637103005195686
0.0,3.0,35.7,1.65,0.051,2.0,155261,2.68,2.0,10.0,1.99,2025-08-19,2.9604674090272924
3.0,3.0,26.7,1.006,0.191,2.0,122498,3.02,3.0,2.0,2.57,2025-05-14,3.0115077099347927
5.0,0.0,38.1,0.909,0.086,2.0,136972,3.62,3.0,12.0,2.31,2025-04-24,3.0222951873117756
4.0,5.0,20.0,1.055,0.066,1.0,58939,3.07,3.0,5.0,3.69,2025-05-19,3.0962788541735726
0.0,7.0,35.8,1.561,0.165,2.0,49505,2.99,1.0,7.0,3.86,2025-05-05,3.0124907129248815
0.0,2.0,33.7,0.869,0.125,1.0,88977,2.84,2.0,11.0,3.16,2025-07-23,3.0025806634131804
3.0,7.0,33.6,1.368,0.115,1.0,65230,3.34,1.0,9.0,3.58,2025-03-02,3.013266410547321
0.0,6.0,35.3,1.4925000000000002,0.087,2.0,105613,2.99,0.0,4.0,2.87,2025-09-07,3.0820983132609805
0.0,4.0,33.3,1.617,0.132,0.0,126151,3.71,0.0,8.06,2.5,2025-10-25,3.037531183193787
5.0,7.0,30.2,1.312,0.091,0.0,145453,2.67,2.0,8.0,2.16,2025-01-13,3.0962788541735726
3.0,1.0,18.8,0.895,0.185,0.0,124809,3.61,3.0,2.0,2.53,2025-09-12,3.09652277694896
5.0,7.0,16.5,1.594,0.082,2.0,50616,2.93,2.0,8.0,3.84,2025-03-26,3.0025806634131804
5.0,6.0,37.0,1.383,0.183,0.0,59604,3.33,2.0,12.0,3.68,2025-01-20,3.0795279079411197
3.0,2.0,30.0,0.942,0.134,1.0,134139,3.0,2.0,9.0,2.36,2025-02-19,3.1466564880282992
2.0,7.0,34.2,0.923,0.174,0.0,128358,3.7,1.0,9.0,2.46,2025-06-13,3.2014768663798443
5.0,1.0,26.9,1.666,0.157,2.0,120176,4.05,0.0,10.0,2.61,2025-04-02,3.016381209738393
4.0,0.0,18.4,1.447,0.155,0.0,117666,4.01,2.0,7.0,2.65,2025-03-29,3.020723950915925
4.0,4.0,18.6,1.593,0.099,1.0,45703,3.48,2.0,7.0,3.93,2025-03-10,3.0124907129248815
0.0,6.0,31.6,1.638,0.085,2.0,112352,3.29,2.0,3.0,2.75,2025-02-06,3.1074473460558387
4.0,0.0,25.7,1.358,0.082,0.0,149778,3.85,1.0,4.0,2.09,2025-09-10,3.0146753909305652
0.0,0.0,20.4,1.309,0.179,2.0,116927,3.64,1.0,5.0,2.67,2025-09-09,2.9942248458406215
2.0,0.0,27.1,1.229,0.173,2.0,105795,2.84,1.0,5.0,2.86,2025-05-20,2.9637103005195686
3.0,3.0,17.2,1.126,0.116,2.0,64232,3.86,2.0,9.0,3.6,2025-12-21,2.9604674090272924
3.0,4.0,29.2,1.233,0.07,0.0,128390,3.23,3.0,2.0,2.46,2025-06-17,2.971753113841859
3.0,2.0,22.0,1.542,0.107,2.0,69001,2.85,3.0,11.0,3.51,2025-02-23,2.9637103005195686
4.0,5.0,34.2,1.385,0.143,0.0,35685,3.0,3.0,5.0,4.1,2025-06-27,3.1466564880282992
2.0,4.0,22.9,1.65,0.118,1.0,153624,2.98,0.0,12.0,2.02,2025-10-24,3.046009221581059
4.0,3.0,26.3,1.241,0.167,0.0,131526,3.38,2.0,12.0,2.41,2025-10-28,3.0820983132609805
4.0,5.0,16.0,1.39,0.2,1.0,89541,2.92,3.0,12.0,3.15,2025-12-25,3.087997768086914
2.0,4.0,17.4,1.412,0.079,0.0,42667,2.75,3.0,5.0,3.98,2025-04-16,3.0648188372108853
2.0,0.0,24.8,1.376,0.119,2.0,97330,2.75,3.0,2.0,3.01,2025-05-17,3.1117428131408658
2.0,6.0,26.8,1.477,0.115,0.0,78805,3.48,2.0,4.0,3.34,2025-07-09,3.0962788541735726
2.0,5.0,29.6,1.053,0.096,2.0,156762,3.72,3.0,6.0,1.96,2025-05-08,3.041944162037055
3.0,1.0,22.5,1.304,0.08,1.0,65632,3.06,3.0,7.0,3.57,2025-12-08,3.022545908717656
1.0,1.0,31.8,0.932,0.06,0.0,117478,2.61,2.0,10.0,2.66,2025-02-16,3.0115077099347927
1.0,7.0,35.6,1.187,0.183,2.0,108625,2.75,0.0,10.0,2.81,2025-01-05,3.087997768086914
2.0,5.0,33.8,1.281,0.113,1.0,67568,4.0,1.0,10.0,3.54,2025-09-14,2.9375177153896486
1.0,6.0,16.6,1.431,0.125,1.0,118786,3.33,3.0,12.0,2.63,2025-10-27,3.0280315598013106
1.0,2.0,26.8,1.703,0.188,0.0,57863,3.27,1.0,2.0,3.71,2025-05-30,3.0648188372108853
2.0,3.0,18.2,1.384,0.166,1.0,137485,2.61,0.0,10.0,2.3,2025-10-21,2.8482505569999232
1.0,0.0,21.3,1.514,0.07,2.0,68704,3.71,0.0,9.0,3.52,2025-08-31,3.0962788541735726
4.0,7.0,38.6,1.298,0.135,1.0,87482,3.39,3.0,3.0,3.19,2025-10-02,3.044509155857308
0.0,1.0,19.0,1.415,0.116,1.0,65291,2.87,2.0,12.0,3.58,2025-07-27,3.013513887499976
0.0,3.0,27.3,0.902,0.17,2.0,136901,2.73,0.0,2.0,2.31,2025-04-25,2.9375177153896486
2.0,3.0,30.0,1.069,0.159,1.0,79963,3.16,1.0,2.0,3.32,2025-07-14,3.062259065444224
3.0,0.0,32.0,1.167,0.154,1.0,98186,3.88,1.0,7.0,3.0,2025-12-09,3.0128525792871326
2.0,2.0,28.7,1.268,0.101,1.0,154302,3.93,1.0,10.0,2.01,2025-06-19,3.046009221581059
3.0,2.0,16.0,0.879,0.171,1.0,116148,3.51,1.0,8.0,2.68,2025-03-23,3.0115077099347927
0.0,5.0,23.3,0.965,0.058,2.0,56427,3.71,0.0,6.0,3.74,2025-06-03,3.0962788541735726
2.0,1.0,27.7,1.089,0.074,1.0,89992,2.73,3.0,12.0,3.14,2025-05-21,2.971753113841859
5.0,2.0,17.8,1.722,0.1,2.0,126689,3.49,3.0,3.0,2.49,2025-11-10,2.971753113841859
4.0,6.0,23.8,1.139,0.062,1.0,69800,3.61,1.0,2.0,3.5,2025-05-26,3.044509155857308
1.0,2.0,16.5,1.276,0.085,1.0,66085,2.87,3.0,3.0,3.57,2025-11-19,3.10689643256313
3.0,3.0,17.5,1.016,0.175,1.0,116446,3.95,1.0,2.0,2.67,2025-05-02,3.1117428131408658
5.0,0.0,24.9,1.394,0.192,1.0,121426,2.86,1.0,4.0,2.59,2025-09-09,3.2014768663798443
1.0,6.0,18.8,1.093,0.096,2.0,127279,3.05,2.0,7.0,2.48,2025-12-09,3.0962788541735726
1.0,5.0,28.9,1.026,0.09,2.0,80297,3.54,0.0,7.61,3.31,2025-11-07,3.087997768086914
2.0,1.0,31.7,1.308,0.092,2.0,39470,3.56,0.0,4.0,4.04,2025-03-30,3.011032233730564
1.0,5.0,34.3,0.842,0.092,0.0,45603,3.66,1.0,11.0,3.93,2025-02-27,3.0222951873117756
4.0,3.0,20.4,0.844,0.055,1.0,104043,2.73,0.0,10.0,2.89,2025-03-04,2.8745017071655603
5.0,6.0,19.6,1.037,0.189,1.0,110152,3.9,3.0,11.0,2.79,2025-12-13,3.022545908717656
1.0,6.0,18.1,0.871,0.082,2.0,67487,3.4,1.0,6.0,3.54,2025-11-04,3.013266410547321
2.0,6.0,30.5,0.936,0.113,0.0,97334,3.3,2.0,7.49,3.01,2025-10-07,3.011032233730564
4.0,3.0,32.1,1.146,0.051,1.0,104076,4.11,3.0,9.0,2.89,2025-03-13,3.022545908717656
0.0,3.0,16.5,1.568,0.179,2.0,34193,3.73,2.0,4.0,4.13,2025-01-09,3.0222951873117756
5.0,5.0,37.4,1.358,0.16,1.0,46053,2.74,2.0,3.0,3.92,2025-04-04,3.09652277694896
1.0,7.0,16.9,1.304,0.192,1.0,70390,3.75,0.0,3.0,3.49,2025-12-05,3.0962788541735726
2.0,5.0,28.3,1.105,0.167,2.0,97222,2.7,0.0,6.0,3.01,2025-12-02,3.013266410547321
0.0,1.0,32.1,1.686,0.097,2.0,109068,2.59,1.0,2.0,2.81,2025-06-01,3.09652277694896
0.0,0.0,35.9,1.199,0.087,1.0,91712,3.19,0.0,3.0,3.11,2025-12-22,3.034301951522985
3.0,6.0,32.3,0.917,0.155,1.0,154706,4.13,2.0,10.0,2.0,2025-02-09,3.0222951873117756
4.0,7.0,34.3,1.399,0.105,2.0,88330,2.83,2.0,8.0,3.17,2025-12-25,2.8482505569999232
1.0,0.0,23.6,0.941,0.135,1.0,49809,3.62,3.0,7.0,3.85,2025-03-03,3.062259065444224
2.0,7.0,34.6,1.152,0.051,1.0,100953,2.83,2.0,10.0,2.95,2025-09-11,3.0582575898647795
3.0,2.0,17.6,1.299,0.059,2.0,69229,3.7,1.0,8.0,3.51,2025-03-10,3.1466564880282992
4.0,2.0,36.4,1.633,0.13,1.0,80591,3.35,1.0,12.0,3.31,2025-09-02,2.9999795939529976
3.0,4.0,28.4,1.287,0.135,1.0,36342,3.63,0.0,6.0,4.09,2025-12-31,3.013266410547321
5.0,2.0,34.6,1.477,0.163,0.0,94874,2.87,0.0,10.0,3.06,2025-06-19,3.0232032781531757
4.0,5.0,26.2,1.217,0.07,2.0,69501,3.74,0.0,7.0,3.51,2025-06-27,3.0582575898647795
4.0,2.0,30.6,0.957,0.127,0.0,124582,4.13,1.0,7.0,2.53,2025-07-08,3.034301951522985
1.0,3.0,27.9,1.087,0.079,0.0,46316,3.61,2.0,12.0,3.92,2025-09-17,3.10689643256313
4.0,6.0,32.7,1.197,0.064,0.0,57322,3.33,0.0,5.0,3.72,2025-03-13,2.9999795939529976
3.0,5.0,17.6,1.221,0.112,1.0,133262,4.02,3.0,2.0,2.38,2025-01-17,3.034301951522985
4.0,0.0,17.1,1.212,0.075,1.0,60238,2.58,0.0,6.0,3.67,2025-12-07,2.8482505569999232
1.0,4.0,21.4,1.664,0.083,0.0,75978,3.71,1.0,12.0,3.39,2025-02-26,3.011032233730564
1.0,4.0,19.4,1.488,0.098,0.0,150471,3.96,0.0,10.0,2.07,2025-08-06,3.034301951522985
5.0,4.0,35.9,1.391,0.089,0.0,133548,2.65,2.0,9.0,2.37,2025-04-17,3.1466564880282992
3.0,0.0,20.8,1.119,0.063,1.0,94020,3.27,0.0,9.0,3.07,2025-10-31,3.046009221581059
0.0,0.0,38.3,1.588,0.063,0.0,137814,2.88,1.0,6.0,2.3,2025-06-22,3.043530945336403
0.0,0.0,23.5,1.707,0.079,0.0,89105,3.45,1.0,10.0,3.16,2025-08-07,3.10689643256313
4.0,0.0,19.9,1.273,0.058,2.0,106623,3.58,3.0,4.0,2.85,2025-09-04,3.013513887499976
5.0,4.0,34.0,0.839,0.144,2.0,34286,3.03,1.0,4.0,4.13,2025-08-06,3.0222951873117756
2.0,4.0,31.0,1.417,0.093,1.0,108778,3.28,3.0,2.0,2.81,2025-01-31,3.046009221581059
4.0,7.0,27.3,0.884,0.092,2.0,115294,2.99,2.0,10.0,2.7,2025-02-16,3.0820983132609805
5.0,5.0,28.6,1.072,0.1,2.0,44461,3.14,1.0,7.0,3.95,2025-05-14,3.0582575898647795
3.0,6.0,32.4,0.891,0.149,2.0,52989,2.8,0.0,3.0,3.8,2025-04-18,2.9975199999999997
3.0,2.0,21.0,1.387,0.181,1.0,159401,3.96,2.0,9.0,1.92,2025-03-13,3.043530945336403
3.0,2.0,38.8,1.463,0.164,2.0,126999,2.57,0.0,10.0,2.49,2025-11-23,2.9375177153896486
3.0,3.0,38.3,0.942,0.159,1.0,93224,3.95,0.0,10.0,3.09,2025-04-18,3.0115077099347927
3.0,4.0,30.8,1.187,0.123,0.0,133611,3.46,0.0,3.0,2.37,2025-11-05,3.011032233730564
5.0,3.0,20.3,1.253,0.154,2.0,131573,3.08,2.0,3.0,2.41,2025-09-29,3.0222951873117756
5.0,5.0,31.5,1.173,0.133,1.0,106608,3.7,2.0,8.0,2.85,2025-06-20,2.9604674090272924
1.0,5.0,17.4,0.947,0.082,2.0,133428,3.36,1.0,12.0,2.37,2025-04-26,2.9975199999999997
0.0,3.0,16.4,1.219,0.081,0.0,96045,3.34,0.0,5.0,3.04,2025-11-25,3.0154098177212205
3.0,4.0,21.7,1.521,0.094,1.0,159181,2.73,3.0,2.0,1.92,2025-03-15,3.0146753909305652
2.0,3.0,26.4,0.902,0.187,1.0,33511,3.17,1.0,9.0,4.14,2025-09-13,3.0154098177212205
5.0,2.0,35.8,0.91,0.132,1.0,32529,2.93,2.0,3.0,4.16,2025-03-22,2.9999795939529976
2.0,7.0,32.6,1.16,0.16,0.0,151272,2.57,3.0,4.0,2.06,2025-09-25,3.0648188372108853
2.0,2.0,32.9,1.695,0.102,0.0,80842,3.12,2.0,6.0,3.3,2025-05-08,3.0222951873117756
2.0,1.0,25.6,1.446,0.111,0.0,46645,2.69,3.0,4.0,3.91,2025-11-22,3.044509155857308
1.0,4.0,23.7,1.455,0.069,1.0,133789,2.96,1.0,8.0,2.37,2025-08-23,3.044509155857308
5.0,4.0,24.3,1.167,0.076,0.0,64119,2.7,3.0,7.33,3.6,2025-02-10,3.020723950915925
2.0,6.0,38.6,1.378,0.174,2.0,80079,2.71,1.0,3.0,3.32,2025-06-30,3.0154098177212205
3.0,0.0,16.7,0.846,0.138,0.0,114721,2.87,2.0,8.0,2.71,2025-06-06,3.0795279079411197
4.0,1.0,35.8,1.417,0.101,1.0,124544,4.14,3.0,12.0,2.53,2025-02-28,3.013513887499976
2.0,5.0,29.1,1.669,0.17,2.0,97884,2.55,0.0,7.0,3.0,2025-12-11,3.10689643256313
1.0,4.0,25.9,1.395,0.087,0.0,52250,3.57,0.0,11.0,3.81,2025-09-06,3.0280315598013106
5.0,3.0,32.5,1.633,0.196,2.0,47473,2.77,2.0,10.0,3.89,2025-07-11,3.037531183193787
1.0,1.0,27.0,1.497,0.102,2.0,150043,4.01,3.0,10.0,2.08,2025-01-24,2.9637103005195686
2.0,6.0,35.9,0.947,0.101,1.0,90332,2.7,0.0,3.0,3.14,2025-03-21,3.2014768663798443
5.0,5.0,36.6,1.659,0.097,2.0,147374,4.07,1.0,8.0,2.13,2025-05-14,2.9942248458406215
4.0,0.0,25.5,0.898,0.068,2.0,131573,3.52,3.0,6.0,2.41,2025-08-01,3.09652277694896
2.0,0.0,22.1,1.324,0.067,1.0,60336,2.55,3.0,6.87,3.67,2025-12-14,3.020723950915925
1.0,6.0,29.4,0.967,0.147,1.0,156185,3.97,0.0,2.0,1.97,2025-06-15,3.0820983132609805
0.0,6.0,36.8,0.848,0.181,1.0,145157,3.38,1.0,8.0,2.17,2025-12-14,3.0128525792871326
3.0,3.0,20.6,1.222,0.169,2.0,103656,2.97,1.0,7.0,2.9,2025-12-03,2.9604674090272924
1.0,4.0,30.1,1.106,0.071,2.0,46592,3.77,1.0,5.0,3.91,2025-03-12,3.1074473460558387
5.0,0.0,30.3,1.28,0.132,2.0,35352,4.02,3.0,2.0,4.11,2025-08-02,3.021062726997556
2.0,5.0,32.7,1.363,0.066,1.0,76677,3.32,2.0,10.0,3.38,2025-03-06,3.0962788541735726
3.0,1.0,18.8,0.877,0.057,0.0,121617,3.05,3.0,5.0,2.58,2025-08-09,3.2014768663798443
2.0,5.0,32.3,0.949,0.148,2.0,100138,3.8,3.0,3.0,2.96,2025-11-04,3.041944162037055
5.0,7.0,36.8,1.346,0.13,0.0,100119,3.63,0.0,9.0,2.96,2025-10-13,3.013513887499976
2.0,7.0,19.9,1.15,0.062,1.0,145989,3.96,2.0,3.0,2.15,2025-07-04,2.9375177153896486
0.0,6.0,21.2,1.501,0.055,2.0,140403,3.65,1.0,6.0,2.25,2025-07-26,3.034301951522985
3.0,3.0,38.2,1.431,0.198,0.0,47920,2.94,0.0,12.0,3.89,2025-04-09,3.0795279079411197
3.0,7.0,19.9,1.607,0.055,2.0,62761,4.03,3.0,7.0,3.62,2025-08-30,2.9942248458406215
5.0,0.0,35.5,1.468,0.117,2.0,53050,2.72,2.0,12.0,3.8,2025-06-07,3.020723950915925
0.0,5.0,27.1,1.229,0.126,2.0,130726,2.98,1.0,9.0,2.42,2025-04-08,3.013266410547321
1.0,5.0,21.4,1.45,0.068,0.0,121019,3.38,1.0,12.0,2.59,2025-02-11,3.0795279079411197
2.0,6.0,35.9,1.088,0.075,1.0,41772,3.45,3.0,2.0,4.0,2025-05-19,3.013513887499976
4.0,4.0,26.0,1.116,0.103,2.0,101563,2.57,1.0,2.0,2.94,2025-10-10,2.9550344537328104
2.0,4.0,27.6,1.556,0.164,1.0,144336,3.79,1.0,5.0,2.18,2025-08-15,3.0222951873117756
2.0,1.0,24.0,1.244,0.126,1.0,89902,3.12,2.0,6.0,3.14,2025-03-13,3.087997768086914
1.0,6.0,29.4,1.564,0.146,0.0,57823,3.2,0.0,10.0,3.71,2025-08-31,3.0222951873117756
2.0,2.0,19.5,1.586,0.198,0.0,63066,3.84,2.0,12.0,3.62,2025-01-18,3.10689643256313
0.0,1.0,24.8,1.618,0.165,1.0,135562,3.15,0.0,8.0,2.34,2025-03-18,3.044509155857308
0.0,2.0,38.2,1.672,0.115,2.0,98360,2.63,0.0,8.0,2.99,2025-02-14,3.10689643256313
3.0,4.0,21.7,1.23,0.117,0.0,41379,2.83,0.0,6.38,4.0,2025-12-09,3.0648188372108853
5.0,6.0,30.9,1.128,0.143,2.0,40699,4.07,1.0,6.0,4.01,2025-05-20,3.2014768663798443
4.0,2.0,23.3,1.367,0.15,2.0,93026,2.66,2.0,6.0,3.09,2025-06-26,3.026463940914762
2.0,6.0,33.6,1.175,0.125,2.0,125206,3.11,1.0,2.0,2.52,2025-08-10,3.0280315598013106
2.0,6.0,18.8,1.385,0.147,1.0,48832,3.35,3.0,10.0,3.87,2025-04-02,3.1120282297979407
1.0,4.0,38.2,1.48,0.054,2.0,154989,3.33,2.0,7.0,1.99,2025-01-22,3.046009221581059
5.0,1.0,26.2,1.464,0.114,1.0,114657,2.56,0.0,10.0,2.71,2025-06-21,3.0820983132609805
0.0,1.0,21.2,1.178,0.092,1.0,75462,3.35,1.0,4.0,3.4,2025-04-02,3.0831076548036767
4.0,6.0,17.4,0.989,0.069,2.0,36049,3.16,1.0,6.0,4.1,2025-07-11,2.9637103005195686
3.0,7.0,19.7,1.229,0.065,2.0,43653,4.1,2.0,3.0,3.96,2025-03-18,3.046009221581059
0.0,3.0,27.8,0.967,0.14,2.0,144613,2.8,2.0,11.0,2.18,2025-10-08,3.020723950915925
5.0,4.0,23.5,1.648,0.129,2.0,60777,3.11,0.0,6.0,3.66,2025-12-30,3.034301951522985
3.0,3.0,34.9,1.152,0.088,1.0,56870,3.22,0.0,9.0,3.73,2025-06-28,3.0115077099347927
1.0,3.0,25.7,0.978,0.121,2.0,118673,3.17,3.0,12.0,2.64,2025-08-26,2.9375177153896486
1.0,1.0,21.5,0.86,0.124,2.0,43737,3.61,0.0,3.0,3.96,2025-05-15,3.1120282297979407
2.0,1.0,30.0,1.425,0.079,1.0,70404,2.89,1.0,9.0,3.49,2025-12-31,3.022545908717656
5.0,7.0,32.1,1.417,0.148,0.0,95670,2.9,3.0,5.0,3.04,2025-10-07,3.013513887499976
4.0,3.0,19.6,1.147,0.167,0.0,36851,3.71,3.0,11.0,4.08,2025-01-19,3.09652277694896
3.0,3.0,19.6,0.903,0.169,1.0,100659,3.35,3.0,11.0,2.95,2025-03-24,3.043530945336403
0.0,6.0,16.6,1.21,0.14,0.0,87180,3.21,2.0,2.0,3.19,2025-08-16,3.041944162037055
5.0,1.0,32.8,1.121,0.127,1.0,45216,2.82,0.0,7.66,3.93,2025-09-22,3.0128525792871326
5.0,3.0,31.1,1.454,0.059,2.0,158450,2.85,3.0,2.0,1.93,2025-04-22,3.0115077099347927
1.0,5.0,26.7,1.389,0.093,2.0,113003,2.57,2.0,8.0,2.74,2025-09-08,3.0124907129248815
2.0,7.0,35.3,1.169,0.064,0.0,73745,2.7,2.0,9.0,3.43,2025-06-13,3.09652277694896
2.0,2.0,34.4,1.036,0.195,2.0,79936,3.44,3.0,4.0,3.32,2025-12-24,3.0795279079411197
3.0,5.0,29.3,1.737,0.07,0.0,106227,3.97,3.0,4.0,2.86,2025-06-17,2.8482505569999232
1.0,5.0,35.8,1.251,0.073,0.0,110494,3.01,1.0,8.0,2.78,2025-08-09,3.0820983132609805
5.0,2.0,20.5,1.464,0.183,2.0,61985,3.07,3.0,5.0,3.64,2025-10-31,3.1466564880282992
4.0,4.0,18.3,0.965,0.192,2.0,83434,2.73,1.0,4.0,3.26,2025-07-10,2.9412144291660236
1.0,4.0,22.0,1.28,0.165,0.0,121216,3.17,3.0,9.0,2.59,2025-11-21,3.0124907129248815
3.0,7.0,17.0,0.862,0.051,2.0,140267,2.61,3.0,4.0,2.25,2025-06-19,3.044509155857308
3.0,5.0,28.0,1.298,0.05,1.0,126755,4.01,0.0,8.0,2.49,2025-02-14,3.0146753909305652
1.0,3.0,37.4,1.715,0.107,2.0,160063,3.62,3.0,3.0,1.9,2025-01-14,3.0222951873117756
3.0,1.0,16.6,1.187,0.072,2.0,100147,4.13,3.0,12.0,2.96,2025-08-19,2.9999795939529976
1.0,7.0,18.6,0.873,0.053,1.0,72293,3.95,1.0,12.0,3.46,2025-06-06,2.9375177153896486
0.0,6.0,26.2,0.865,0.12,2.0,76633,3.3,1.0,2.0,3.38,2025-05-14,3.0115077099347927
1.0,2.0,37.3,1.191,0.191,2.0,140874,3.38,0.0,7.0,2.24,2025-02-06,2.9375177153896486
1.0,5.0,23.0,0.983,0.099,0.0,91165,2.85,3.0,9.0,3.12,2025-02-22,3.1074473460558387
3.0,7.0,27.5,0.859,0.149,2.0,111396,3.28,3.0,2.0,2.76,2025-01-18,3.0222951873117756
3.0,0.0,16.7,1.526,0.148,2.0,82056,3.99,1.0,11.0,3.28,2025-02-07,3.1466564880282992
2.0,0.0,19.2,1.255,0.088,1.0,155163,2.63,2.0,10.0,1.99,2025-07-06,2.9975199999999997
2.0,4.0,38.6,1.101,0.148,0.0,93492,3.92,2.0,4.0,3.08,2025-07-15,3.0025806634131804
0.0,2.0,38.1,1.657,0.082,0.0,92986,3.09,2.0,4.0,3.09,2025-08-31,3.1120282297979407
2.0,1.0,15.8,0.943,0.068,0.0,81033,3.98,1.0,5.0,3.3,2025-10-27,3.10689643256313
1.0,3.0,37.8,1.708,0.155,2.0,136389,4.05,1.0,12.0,2.32,2025-10-30,3.016381209738393
3.0,1.0,30.5,1.123,0.067,0.0,58293,3.62,2.0,2.0,3.7,2025-02-04,3.0582575898647795
2.0,1.0,35.8,1.646,0.2,1.0,62792,3.61,2.0,10.0,3.62,2025-08-03,3.041944162037055
2.0,1.0,26.2,1.386,0.078,0.0,53281,3.27,3.0,12.0,3.79,2025-08-07,3.087997768086914
0.0,2.0,27.7,1.59,0.139,1.0,56443,3.88,1.0,4.0,3.74,2025-11-12,3.0124907129248815
5.0,1.0,27.0,1.733,0.112,0.0,109903,4.08,1.0,11.0,2.79,2025-03-31,2.9604674090272924
0.0,6.0,31.2,1.1,0.069,0.0,121752,3.78,2.0,5.0,2.58,2025-11-04,3.087997768086914
1.0,2.0,19.0,1.713,0.054,1.0,92577,3.54,2.0,2.0,3.1,2025-09-09,3.021062726997556
3.0,6.0,16.4,1.192,0.143,0.0,139344,3.51,0.0,5.0,2.27,2025-01-08,3.087997768086914
0.0,2.0,22.9,1.188,0.171,0.0,144257,3.9,1.0,2.0,2.18,2025-09-13,3.013266410547321
2.0,4.0,32.0,1.147,0.176,0.0,82290,3.41,0.0,6.0,3.28,2025-12-29,3.0280315598013106
3.0,7.0,20.4,1.33,0.122,2.0,160706,3.83,3.0,6.0,1.89,2025-07-27,2.9975199999999997
3.0,0.0,31.3,0.978,0.167,1.0,95188,3.36,0.0,12.0,3.05,2025-05-11,3.0128525792871326
2.0,1.0,38.2,1.342,0.151,0.0,101651,2.65,2.0,8.0,2.94,2025-08-12,3.2014768663798443
0.0,4.0,17.9,1.331,0.159,1.0,129672,3.16,1.0,9.0,2.44,2025-07-16,3.2014768663798443
2.0,7.0,31.3,1.531,0.124,1.0,82299,3.26,1.0,5.0,3.28,2025-05-22,3.0795279079411197
5.0,0.0,26.0,1.596,0.145,1.0,135313,2.78,0.0,8.0,2.34,2025-09-09,3.020723950915925
3.0,5.0,35.8,1.238,0.171,0.0,135111,2.71,0.0,5.0,2.34,2025-04-06,2.9637103005195686
4.0,3.0,19.8,1.113,0.11,0.0,137179,3.4,3.0,4.0,2.31,2025-01-26,2.9637103005195686
4.0,6.0,31.8,1.073,0.171,1.0,102609,2.69,3.0,6.97,2.92,2025-04-21,3.021062726997556
1.0,5.0,35.1,1.015,0.139,2.0,44746,3.03,2.0,7.57,3.94,2025-05-03,3.1117428131408658
2.0,2.0,37.6,0.89,0.075,1.0,63033,3.73,2.0,4.0,3.62,2025-07-05,3.0146753909305652
2.0,0.0,31.5,1.149,0.054,2.0,151456,4.08,2.0,5.85,2.06,2025-06-17,3.0280315598013106
1.0,5.0,27.2,1.083,0.104,1.0,108300,3.69,0.0,6.0,2.82,2025-02-20,3.013513887499976
1.0,3.0,30.0,1.717,0.132,1.0,80932,4.13,0.0,8.0,3.3,2025-01-05,2.9975199999999997
1.0,4.0,35.8,1.345,0.176,1.0,53876,3.66,1.0,7.0,3.78,2025-03-18,3.1466564880282992
3.0,0.0,28.9,1.154,0.069,0.0,35620,3.02,2.0,11.0,4.1,2025-06-09,3.0582575898647795
5.0,5.0,16.4,1.366,0.17,2.0,43050,3.62,0.0,6.0,3.97,2025-07-27,3.020723950915925
2.0,6.0,37.3,0.964,0.179,2.0,135302,3.67,1.0,8.0,2.34,2025-09-14,2.8745017071655603
3.0,6.0,31.7,1.242,0.073,1.0,85763,3.14,2.0,12.0,3.22,2025-07-24,3.021062726997556
1.0,7.0,31.4,1.408,0.178,0.0,58872,2.58,3.0,7.0,3.69,2025-09-12,3.0582575898647795
2.0,5.0,20.7,1.283,0.199,0.0,150661,3.67,3.0,11.0,2.07,2025-01-11,3.0025806634131804
3.0,1.0,31.0,1.203,0.159,2.0,50248,2.58,0.0,3.0,3.85,2025-01-08,2.9942248458406215
5.0,5.0,24.8,1.421,0.168,0.0,159198,3.55,1.0,4.0,1.92,2025-02-01,3.0820983132609805
3.0,4.0,30.8,1.639,0.199,2.0,148828,2.81,3.0,3.0,2.1,2025-01-28,3.034301951522985
5.0,0.0,18.2,1.405,0.141,2.0,71126,3.45,1.0,4.0,3.48,2025-07-25,2.9937236900826454
1.0,0.0,31.0,1.356,0.096,2.0,121351,3.35,1.0,2.0,2.59,2025-08-16,3.0962788541735726
5.0,4.0,38.9,1.403,0.176,0.0,60167,2.57,3.0,9.0,3.67,2025-05-08,3.10689643256313
2.0,5.0,16.8,1.021,0.142,2.0,92531,3.13,1.0,7.0,3.1,2025-09-12,2.9937236900826454
1.0,4.0,38.3,1.197,0.137,2.0,98562,3.51,3.0,3.0,2.99,2025-07-31,3.10689643256313
2.0,3.0,25.1,0.873,0.088,1.0,123656,3.9,0.0,9.0,2.55,2025-08-27,2.9637103005195686
4.0,2.0,35.9,1.27,0.163,2.0,158640,3.96,2.0,7.0,1.93,2025-07-26,3.011032233730564
0.0,4.0,33.8,1.332,0.062,2.0,104533,3.32,2.0,8.0,2.89,2025-11-14,2.9637103005195686
5.0,6.0,28.8,1.045,0.189,1.0,76978,3.71,0.0,12.0,3.37,2025-10-10,3.0795279079411197
0.0,4.0,32.8,1.715,0.099,1.0,139861,3.05,3.0,2.0,2.26,2025-09-02,3.0820983132609805
0.0,0.0,36.1,1.666,0.069,0.0,45263,3.09,3.0,8.0,3.93,2025-02-14,2.9375177153896486
5.0,6.0,25.1,1.495,0.116,2.0,96660,2.86,3.0,4.0,3.02,2025-04-15,3.016381209738393
1.0,0.0,23.3,1.323,0.056,0.0,81734,3.44,3.0,7.82,3.29,2025-12-14,3.037531183193787
4.0,7.0,31.2,1.63,0.153,0.0,98917,3.05,0.0,9.0,2.98,2025-10-08,3.013266410547321
2.0,1.0,34.4,0.956,0.185,1.0,52569,2.68,2.0,7.0,3.8,2025-08-22,3.0831076548036767
3.0,0.0,33.4,1.557,0.176,0.0,149869,3.64,1.0,5.0,2.08,2025-07-08,3.041944162037055
2.0,6.0,34.2,0.951,0.069,2.0,108612,3.68,1.0,12.0,2.81,2025-02-13,2.9999795939529976
3.0,7.0,25.8,1.561,0.069,1.0,129652,3.12,2.0,9.0,2.44,2025-08-13,2.9604674090272924
2.0,0.0,34.7,1.088,0.172,2.0,112032,2.67,0.0,10.0,2.75,2025-05-22,3.1117428131408658
5.0,3.0,18.5,1.636,0.189,2.0,149958,3.23,1.0,11.0,2.08,2025-05-16,2.8482505569999232
4.0,4.0,28.3,1.697,0.119,1.0,139948,3.25,2.0,3.0,2.26,2025-06-25,3.013513887499976
3.0,1.0,15.9,0.973,0.125,2.0,113794,3.61,0.0,7.0,2.72,2025-05-22,3.013513887499976
1.0,0.0,23.2,1.259,0.098,1.0,121205,3.05,1.0,6.0,2.59,2025-03-21,3.026463940914762
2.0,7.0,24.2,1.731,0.184,2.0,109525,3.64,3.0,6.0,2.8,2025-03-23,3.0820983132609805
2.0,3.0,24.9,1.278,0.147,1.0,115167,3.94,3.0,11.0,2.7,2025-05-15,3.0025806634131804
3.0,5.0,31.8,1.624,0.093,0.0,69828,2.93,0.0,12.0,3.5,2025-07-26,3.1074473460558387
1.0,7.0,24.7,1.373,0.095,2.0,156897,4.11,3.0,4.0,1.96,2025-12-10,3.062259065444224
1.0,4.0,26.1,1.179,0.184,1.0,111272,3.16,0.0,9.0,2.77,2025-06-26,2.9550344537328104
5.0,7.0,21.2,1.098,0.052,2.0,97902,2.97,2.0,9.0,3.0,2025-08-31,3.0124907129248815
5.0,3.0,24.4,1.022,0.098,2.0,128561,3.22,2.0,6.0,2.46,2025-02-24,2.9550344537328104
5.0,7.0,21.0,1.531,0.133,2.0,123048,2.7,1.0,9.0,2.56,2025-05-21,3.021062726997556
5.0,3.0,17.4,1.4169999999999998,0.072,1.0,155493,2.75,0.0,11.0,1.98,2025-02-25,2.971753113841859
5.0,0.0,29.7,1.303,0.064,0.0,158577,3.21,1.0,9.0,1.93,2025-01-15,2.9375177153896486
5.0,2.0,31.2,1.286,0.172,0.0,65632,3.76,1.0,4.0,3.57,2025-07-04,3.0128525792871326
4.0,3.0,30.1,1.363,0.184,0.0,156781,3.98,2.0,3.0,1.96,2025-11-10,3.011032233730564
1.0,3.0,26.5,1.626,0.174,1.0,123237,3.61,1.0,10.0,2.55,2025-03-29,3.0124907129248815
5.0,1.0,24.5,1.73,0.185,0.0,111229,2.72,3.0,3.0,2.77,2025-04-07,2.9604674090272924
1.0,3.0,35.7,1.208,0.133,1.0,101506,3.62,1.0,10.0,2.94,2025-05-24,3.1074473460558387
1.0,3.0,27.7,1.591,0.172,2.0,123437,3.56,0.0,5.0,2.55,2025-01-08,3.016381209738393
0.0,5.0,26.8,1.534,0.108,2.0,34551,3.83,3.0,3.0,4.12,2025-08-03,3.0820983132609805
4.0,2.0,16.3,1.36,0.15,0.0,78017,3.86,2.0,11.0,3.35,2025-06-22,2.9412144291660236
5.0,0.0,23.6,1.708,0.198,1.0,131408,3.93,0.0,2.0,2.41,2025-08-11,3.013513887499976
2.0,4.0,24.5,1.02,0.084,2.0,59327,3.21,3.0,5.0,3.69,2025-02-09,3.0232032781531757
3.0,1.0,25.0,0.937,0.108,1.0,129682,3.66,0.0,10.0,2.44,2025-07-01,3.037531183193787
2.0,5.0,29.2,1.615,0.122,1.0,118851,2.98,3.0,10.0,2.63,2025-09-27,2.8745017071655603
4.0,6.0,28.1,1.237,0.071,2.0,41883,4.14,0.0,5.0,3.99,2025-07-06,3.09652277694896
3.0,2.0,29.8,1.609,0.062,1.0,82687,2.83,0.0,10.0,3.27,2025-09-02,3.1074473460558387
4.0,0.0,33.4,1.651,0.174,2.0,55404,2.57,3.0,7.0,3.75,2025-11-05,3.043530945336403
1.0,0.0,34.5,0.894,0.197,2.0,44524,2.79,2.0,2.0,3.95,2025-08-19,3.037531183193787
3.0,6.0,32.3,1.642,0.111,2.0,92924,3.78,2.0,11.0,3.09,2025-06-04,3.2014768663798443
1.0,4.0,37.8,1.246,0.063,1.0,88358,3.26,0.0,7.0,3.17,2025-06-24,3.0222951873117756
2.0,3.0,16.1,1.302,0.06,2.0,136620,3.26,0.0,10.0,2.32,2025-12-02,2.9999795939529976
2.0,5.0,20.3,1.408,0.184,1.0,128672,4.07,2.0,3.0,2.46,2025-04-25,3.2014768663798443
3.0,7.0,15.9,1.681,0.12,2.0,61599,4.01,2.0,7.0,3.64,2025-11-07,3.013266410547321
3.0,1.0,30.7,0.855,0.098,2.0,110872,3.04,1.0,3.0,2.77,2025-10-27,2.9937236900826454
5.0,7.0,36.5,1.272,0.121,0.0,117769,2.88,2.0,5.0,2.65,2025-01-18,2.9942248458406215
4.0,6.0,21.4,1.464,0.098,0.0,110228,3.9,0.0,9.0,2.78,2025-09-29,3.020723950915925
5.0,0.0,37.2,1.495,0.123,0.0,105774,3.99,3.0,8.0,2.86,2025-01-12,3.0128525792871326
4.0,4.0,17.1,1.468,0.179,1.0,36441,3.41,2.0,12.0,4.09,2025-10-28,3.0280315598013106
5.0,0.0,37.4,0.96,0.139,1.0,55650,3.55,1.0,10.0,3.75,2025-07-11,2.971753113841859
1.0,1.0,23.9,1.11,0.154,2.0,107382,2.96,1.0,8.0,2.84,2025-08-20,2.9937236900826454
3.0,0.0,18.1,1.164,0.105,2.0,103171,3.82,1.0,6.25,2.91,2025-04-03,3.09652277694896
2.0,0.0,27.0,1.57,0.161,2.0,37377,3.56,3.0,3.0,4.07,2025-08-06,3.0831076548036767
4.0,1.0,21.7,1.091,0.15,2.0,78315,3.35,2.0,7.0,3.35,2025-10-05,2.9550344537328104
4.0,5.0,22.3,1.029,0.068,1.0,103447,2.65,2.0,8.0,2.9,2025-12-19,3.021062726997556
2.0,5.0,22.8,1.709,0.136,2.0,91480,4.01,2.0,4.0,3.12,2025-10-30,3.046009221581059
5.0,1.0,34.3,0.845,0.089,2.0,73157,3.53,3.0,10.0,3.44,2025-01-29,3.1120282297979407
4.0,4.0,28.2,1.1495,0.171,0.0,133496,2.86,3.0,8.0,2.37,2025-10-28,3.0831076548036767
1.0,6.0,22.9,1.454,0.114,2.0,92140,3.51,0.0,6.54,3.1,2025-03-18,3.0820983132609805
3.0,2.0,29.9,1.592,0.199,2.0,157763,3.63,1.0,7.0,1.94,2025-01-09,3.1117428131408658
2.0,0.0,32.3,1.106,0.064,2.0,92202,3.39,1.0,2.0,3.1,2025-01-24,3.10689643256313
3.0,4.0,22.0,0.85,0.167,1.0,37877,3.69,2.0,6.0,4.06,2025-01-15,3.0795279079411197
4.0,0.0,25.3,1.509,0.151,0.0,52302,3.47,3.0,11.0,3.81,2025-06-13,3.0831076548036767
4.0,2.0,18.5,1.597,0.165,2.0,83011,4.06,3.0,4.0,3.27,2025-01-13,2.9412144291660236
2.0,6.0,19.9,1.512,0.096,2.0,71751,2.64,2.0,8.0,3.47,2025-12-13,3.1120282297979407
1.0,5.0,31.5,0.967,0.124,0.0,132111,2.72,2.0,11.0,2.4,2025-06-21,3.013513887499976
0.0,4.0,19.9,1.523,0.169,2.0,81403,2.83,0.0,4.0,3.29,2025-12-23,2.9975199999999997
2.0,3.0,27.9,1.538,0.085,1.0,60947,3.65,1.0,7.2,3.66,2025-11-23,3.013266410547321
0.0,3.0,32.1,1.437,0.084,2.0,67131,3.58,1.0,8.0,3.55,2025-07-19,3.034301951522985
5.0,2.0,18.2,1.535,0.133,1.0,150630,3.97,1.0,4.0,2.07,2025-03-17,2.9412144291660236
0.0,3.0,28.9,1.608,0.129,1.0,132604,3.72,0.0,11.0,2.39,2025-06-13,3.0280315598013106
1.0,5.0,21.7,1.396,0.092,2.0,128798,3.36,2.0,3.0,2.46,2025-03-02,3.016381209738393
5.0,2.0,38.0,0.918,0.095,0.0,146170,4.13,2.0,7.0,2.15,2025-09-02,3.0280315598013106
0.0,5.0,26.9,1.281,0.092,1.0,127419,2.97,1.0,9.0,2.48,2025-06-04,2.9637103005195686
5.0,6.0,34.4,0.908,0.166,0.0,99130,3.87,1.0,5.0,2.98,2025-09-14,3.09652277694896
0.0,0.0,28.5,1.208,0.148,2.0,112932,3.23,0.0,10.0,2.74,2025-09-01,2.9412144291660236
1.0,6.0,16.7,1.208,0.175,1.0,69133,3.58,3.0,9.0,3.51,2025-06-11,2.9604674090272924
0.0,6.0,30.4,0.897,0.196,2.0,144694,3.71,3.0,8.0,2.18,2025-03-09,2.9937236900826454
0.0,5.0,37.7,1.155,0.121,0.0,125164,3.56,1.0,8.0,2.52,2025-12-10,3.1120282297979407
0.0,2.0,29.6,0.938,0.06,2.0,56698,2.77,0.0,4.0,3.73,2025-10-04,3.0648188372108853
2.0,2.0,34.7,1.573,0.057,2.0,156933,3.25,1.0,7.0,1.96,2025-06-10,3.062259065444224
2.0,3.0,36.2,1.7,0.094,1.0,93854,3.44,3.0,6.0,3.07,2025-09-16,2.8745017071655603
2.0,7.0,21.0,0.903,0.19,2.0,83055,3.9,1.0,2.0,3.27,2025-11-03,3.034301951522985
1.0,0.0,20.6,1.707,0.128,2.0,50006,3.26,3.0,12.0,3.85,2025-12-01,3.0820983132609805
5.0,5.0,29.9,1.313,0.091,2.0,54640,4.01,3.0,4.0,3.77,2025-04-05,3.041944162037055
4.0,3.0,25.2,1.11,0.11,1.0,97294,3.25,3.0,2.0,3.01,2025-09-03,3.0820983132609805
0.0,4.0,35.2,0.907,0.14,0.0,96184,3.42,2.0,5.0,3.03,2025-08-09,3.013513887499976
0.0,7.0,36.6,1.234,0.148,0.0,116661,3.82,2.0,11.0,2.67,2025-05-03,3.046009221581059
1.0,7.0,23.9,1.561,0.073,2.0,49782,3.48,1.0,4.0,3.85,2025-07-06,2.9412144291660236
0.0,5.0,21.2,1.481,0.197,1.0,86525,4.08,3.0,12.0,3.2,2025-09-19,3.10689643256313
2.0,1.0,33.8,0.883,0.132,2.0,91149,3.6,2.0,5.0,3.12,2025-09-30,2.9975199999999997
4.0,0.0,22.1,0.904,0.07,0.0,107154,3.38,1.0,10.0,2.84,2025-03-01,3.0232032781531757
3.0,7.0,34.8,1.204,0.184,1.0,73556,2.59,1.0,4.0,3.43,2025-05-05,3.016381209738393
0.0,5.0,25.5,1.106,0.061,0.0,141845,3.21,1.0,7.03,2.23,2025-12-03,3.1117428131408658
2.0,5.0,31.2,1.049,0.186,0.0,141021,3.03,1.0,7.0,2.24,2025-12-07,3.044509155857308
3.0,3.0,17.9,1.093,0.199,1.0,113410,3.74,1.0,8.0,2.73,2025-02-20,3.043530945336403
4.0,4.0,30.2,1.569,0.155,1.0,145906,2.88,0.0,10.0,2.15,2025-06-27,3.026463940914762
3.0,1.0,26.2,1.684,0.166,2.0,46950,2.88,3.0,8.0,3.9,2025-05-19,3.0222951873117756
2.0,0.0,29.3,1.206,0.101,2.0,78418,2.85,1.0,2.0,3.35,2025-11-23,3.044509155857308
5.0,2.0,19.6,1.662,0.191,0.0,61230,2.75,0.0,9.0,3.65,2025-06-19,3.046009221581059
5.0,6.0,32.8,1.4665,0.129,1.0,118007,3.04,3.0,6.0,2.65,2025-02-08,3.020723950915925
3.0,4.0,35.7,1.271,0.16,1.0,132700,3.96,2.0,10.0,2.39,2025-03-10,3.1117428131408658
1.0,4.0,20.7,1.043,0.189,2.0,44101,3.78,1.0,11.0,3.95,2025-08-24,3.046009221581059
3.0,3.0,17.9,1.421,0.196,0.0,83660,3.72,0.0,6.0,3.25,2025-02-17,3.043530945336403
0.0,2.0,16.3,1.729,0.175,0.0,120208,3.82,2.0,6.0,2.61,2025-02-26,2.9550344537328104
0.0,7.0,30.6,1.387,0.095,2.0,48859,2.98,0.0,3.0,3.87,2025-10-04,3.09652277694896
5.0,7.0,29.8,1.163,0.195,1.0,64634,3.96,3.0,12.0,3.59,2025-12-04,3.044509155857308
1.0,3.0,28.4,1.427,0.144,2.0,137773,2.77,3.0,4.0,2.3,2025-04-09,3.0025806634131804
2.0,5.0,21.1,0.949,0.19,2.0,45588,3.08,2.0,11.0,3.93,2025-01-15,3.062259065444224
0.0,7.0,24.8,1.647,0.151,2.0,54698,3.48,0.0,10.0,3.77,2025-11-21,3.0280315598013106
5.0,1.0,29.5,1.295,0.096,2.0,108530,2.71,1.0,8.0,2.81,2025-06-28,3.037531183193787
4.0,0.0,27.2,1.246,0.106,1.0,44491,3.71,1.0,2.0,3.95,2025-11-28,3.022545908717656
5.0,4.0,38.6,1.371,0.133,2.0,50351,3.17,2.0,4.0,3.84,2025-03-03,2.9375177153896486
0.0,4.0,18.9,1.406,0.169,1.0,94015,3.8,2.0,3.0,3.07,2025-04-29,3.0232032781531757
0.0,1.0,31.8,0.903,0.098,2.0,43037,3.33,2.0,2.0,3.97,2025-02-06,3.0232032781531757
5.0,2.0,25.1,1.459,0.137,0.0,97440,2.84,0.0,10.0,3.01,2025-05-14,3.016381209738393
2.0,7.0,25.6,1.058,0.102,1.0,57551,3.72,1.0,9.0,3.72,2025-01-26,3.021062726997556
3.0,4.0,32.3,1.487,0.172,0.0,83275,2.95,1.0,6.0,3.26,2025-01-08,2.8745017071655603
0.0,6.0,31.8,1.586,0.12,2.0,37447,3.33,1.0,12.0,4.07,2025-01-04,3.026463940914762
5.0,2.0,38.7,1.569,0.062,2.0,82808,2.67,2.0,3.0,3.27,2025-01-21,3.034301951522985
5.0,0.0,18.7,1.34,0.075,2.0,84524,3.53,1.0,2.0,3.24,2025-05-29,3.087997768086914
1.0,0.0,18.1,1.311,0.059,1.0,51943,3.61,3.0,8.0,3.82,2025-01-25,2.9550344537328104
3.0,4.0,32.5,0.967,0.125,0.0,71267,3.15,2.0,12.0,3.47,2025-05-23,2.9937236900826454
4.0,3.0,29.1,1.543,0.066,1.0,131150,4.07,1.0,12.0,2.41,2025-09-02,3.043530945336403
2.0,2.0,22.1,1.084,0.067,1.0,135835,3.94,0.0,3.0,2.33,2025-02-12,3.0648188372108853
4.0,4.0,17.6,1.29,0.191,2.0,73033,3.68,2.0,2.0,3.44,2025-10-20,3.0280315598013106
3.0,3.0,17.7,1.096,0.181,0.0,116303,3.68,3.0,3.0,2.68,2025-07-04,3.0820983132609805
3.0,4.0,36.4,0.959,0.118,2.0,67108,2.95,3.0,8.0,3.55,2025-02-11,3.0280315598013106
3.0,6.0,20.2,1.411,0.198,1.0,151522,3.59,0.0,7.36,2.05,2025-04-02,2.9942248458406215
4.0,2.0,23.2,0.887,0.05,2.0,99588,2.87,0.0,11.0,2.97,2025-11-13,3.0831076548036767
3.0,5.0,21.0,1.519,0.142,0.0,91259,2.78,2.0,7.0,3.12,2025-11-20,2.9942248458406215
5.0,0.0,23.9,1.126,0.142,2.0,34149,4.14,2.0,6.0,4.13,2025-02-22,3.0025806634131804
4.0,4.0,17.3,1.2145,0.119,0.0,100478,3.54,3.0,4.0,2.96,2025-03-25,3.0280315598013106
3.0,6.0,27.7,1.303,0.11,0.0,99436,3.24,0.0,4.0,2.98,2025-02-03,3.016381209738393
5.0,3.0,17.3,0.88,0.118,2.0,93040,3.01,2.0,12.0,3.09,2025-03-17,3.0146753909305652
1.0,3.0,34.2,1.089,0.112,1.0,144555,3.51,3.0,10.0,2.18,2025-12-19,3.0232032781531757
3.0,0.0,21.1,1.481,0.16,2.0,118622,2.63,0.0,5.0,2.64,2025-07-16,3.0025806634131804
4.0,1.0,28.2,0.894,0.07,1.0,76865,2.7,3.0,10.0,3.37,2025-10-13,3.0154098177212205
0.0,4.0,36.1,1.602,0.08,1.0,52483,2.6,1.0,5.0,3.81,2025-03-29,3.043530945336403
3.0,2.0,30.8,0.841,0.077,2.0,147606,3.34,0.0,3.0,2.12,2025-08-23,3.0154098177212205
0.0,7.0,28.1,1.062,0.089,1.0,33432,3.5,2.0,5.0,4.14,2025-08-20,3.1117428131408658
5.0,3.0,23.2,1.512,0.129,1.0,70559,2.65,2.0,7.0,3.49,2025-01-07,2.9604674090272924
1.0,2.0,23.4,1.125,0.067,2.0,128912,3.7,1.0,7.0,2.45,2025-10-19,3.044509155857308
2.0,2.0,31.2,0.93,0.18,2.0,95968,2.92,0.0,6.0,3.04,2025-02-07,3.011032233730564
1.0,5.0,38.7,1.165,0.095,2.0,160655,3.64,3.0,2.0,1.89,2025-02-21,2.9999795939529976
3.0,2.0,31.0,1.084,0.074,1.0,70863,4.11,2.0,4.0,3.48,2025-05-23,3.026463940914762
0.0,2.0,28.6,1.605,0.151,0.0,124527,3.65,1.0,6.0,2.53,2025-08-09,3.011032233730564
0.0,5.0,32.6,1.123,0.056,1.0,141135,3.95,1.0,7.0,2.24,2025-08-28,3.013513887499976
4.0,3.0,26.5,1.556,0.143,0.0,43231,4.06,0.0,2.0,3.97,2025-05-23,3.2014768663798443
0.0,2.0,17.1,1.65,0.155,2.0,159456,3.32,0.0,10.0,1.91,2025-12-15,3.021062726997556
4.0,1.0,28.7,1.232,0.082,0.0,105469,3.67,2.0,4.0,2.87,2025-12-29,2.9604674090272924
5.0,1.0,37.9,1.666,0.056,2.0,82939,3.9,1.0,11.0,3.27,2025-02-18,2.9604674090272924
2.0,6.0,19.8,1.6905,0.105,2.0,154836,3.12,3.0,4.0,2.0,2025-10-04,2.8745017071655603
3.0,5.0,31.7,1.715,0.065,0.0,135613,2.97,1.0,12.0,2.34,2025-09-28,3.0962788541735726
4.0,6.0,20.4,0.919,0.067,2.0,91201,4.06,3.0,3.0,3.12,2025-01-14,3.1466564880282992
2.0,5.0,28.1,1.463,0.088,0.0,132717,3.7,3.0,9.0,2.39,2025-10-25,3.0222951873117756
0.0,4.0,18.0,1.287,0.094,2.0,33344,2.9,2.0,4.0,4.14,2025-01-15,3.037531183193787
0.0,4.0,26.1,1.19,0.129,1.0,78991,3.26,1.0,7.0,3.34,2025-08-22,3.0648188372108853
2.0,2.0,33.2,1.413,0.152,1.0,133035,3.82,3.0,3.0,2.38,2025-03-04,2.8745017071655603
0.0,7.0,23.8,1.478,0.139,2.0,56663,3.42,0.0,8.0,3.73,2025-07-15,2.9550344537328104
5.0,4.0,31.1,0.841,0.072,2.0,78994,3.58,3.0,5.0,3.34,2025-01-27,2.8745017071655603
5.0,7.0,34.1,0.989,0.076,0.0,33882,3.75,0.0,10.0,4.14,2025-04-03,3.09652277694896
2.0,4.0,37.2,1.487,0.182,1.0,112210,3.54,0.0,11.0,2.75,2025-04-15,2.971753113841859
4.0,0.0,21.2,1.444,0.134,0.0,99144,3.41,1.0,10.0,2.98,2025-11-05,3.046009221581059
4.0,4.0,25.0,1.717,0.18,2.0,53601,3.74,0.0,8.0,3.79,2025-02-21,3.013513887499976
2.0,6.0,19.3,1.53,0.106,2.0,106629,3.71,3.0,9.0,2.85,2025-11-15,3.021062726997556
4.0,3.0,38.7,1.703,0.142,0.0,33920,3.55,0.0,4.0,4.13,2025-06-30,3.2014768663798443
4.0,2.0,37.2,1.477,0.129,2.0,94524,3.12,1.0,12.0,3.06,2025-02-26,2.9550344537328104
5.0,6.0,28.2,1.109,0.098,1.0,88955,3.2,2.0,6.0,3.16,2025-04-30,2.9637103005195686
4.0,3.0,35.2,0.933,0.12,0.0,127719,4.09,3.0,3.0,2.48,2025-11-04,2.9937236900826454
1.0,1.0,27.8,1.549,0.125,1.0,69834,2.73,3.0,11.0,3.5,2025-12-29,3.10689643256313
3.0,6.0,30.2,1.424,0.08,1.0,152350,2.98,1.0,8.0,2.04,2025-02-12,2.9375177153896486
0.0,1.0,17.8,0.881,0.097,1.0,135796,3.33,1.0,9.0,2.33,2025-05-15,3.0582575898647795
1.0,7.0,33.2,1.165,0.169,0.0,71690,3.88,1.0,10.0,3.47,2025-09-17,2.9637103005195686
4.0,7.0,18.7,1.709,0.187,2.0,103929,2.81,1.0,12.0,2.9,2025-07-16,3.013266410547321
5.0,0.0,34.8,1.293,0.104,1.0,88156,2.99,3.0,12.0,3.18,2025-05-13,3.013266410547321
2.0,4.0,33.8,1.231,0.096,1.0,81552,2.65,2.0,8.0,3.29,2025-09-12,3.020723950915925
4.0,6.0,32.1,1.254,0.079,1.0,88109,3.67,0.0,11.0,3.18,2025-08-08,3.0124907129248815
5.0,1.0,16.6,1.027,0.152,2.0,54559,2.93,0.0,11.0,3.77,2025-12-02,3.034301951522985
3.0,3.0,22.7,1.173,0.098,2.0,52955,3.17,2.0,9.0,3.8,2025-02-10,2.9937236900826454
4.0,7.0,21.8,1.174,0.198,0.0,65305,3.26,2.0,10.0,3.58,2025-09-12,3.020723950915925
2.0,4.0,24.1,0.885,0.099,2.0,63929,3.97,2.0,7.0,3.6,2025-01-02,3.041944162037055
5.0,7.0,17.8,1.536,0.109,0.0,55910,3.2,1.0,11.0,3.75,2025-07-14,3.0582575898647795
5.0,3.0,37.4,1.217,0.141,0.0,89484,2.78,3.0,3.0,3.15,2025-08-30,3.0280315598013106
5.0,4.0,28.5,1.586,0.17,0.0,53902,3.38,3.0,3.0,3.78,2025-05-29,3.0128525792871326
3.0,4.0,22.8,1.612,0.12,0.0,118245,4.08,3.0,5.0,2.64,2025-07-17,3.0146753909305652
4.0,1.0,24.9,1.03,0.113,0.0,43410,3.52,1.0,10.0,3.97,2025-10-26,3.2014768663798443
3.0,1.0,26.1,1.436,0.199,1.0,38373,4.11,3.0,8.0,4.06,2025-09-02,3.046009221581059
0.0,6.0,29.6,1.267,0.052,2.0,133146,3.89,1.0,3.0,2.38,2025-12-04,2.9604674090272924
0.0,6.0,27.7,1.639,0.184,1.0,113118,2.61,3.0,9.0,2.73,2025-04-18,2.9550344537328104
4.0,5.0,37.0,1.034,0.072,0.0,42495,3.6,2.0,12.0,3.98,2025-07-31,3.0128525792871326
3.0,2.0,27.2,1.455,0.168,2.0,33837,3.01,0.0,8.0,4.14,2025-06-05,3.0222951873117756
2.0,5.0,38.7,1.391,0.143,1.0,49438,3.44,0.0,10.0,3.86,2025-01-26,3.2014768663798443
5.0,0.0,35.4,1.106,0.101,1.0,76628,2.99,1.0,9.0,3.38,2025-03-23,3.0582575898647795
5.0,7.0,20.6,0.962,0.181,0.0,157438,3.1,3.0,4.0,1.95,2025-03-24,2.9637103005195686
4.0,6.0,37.3,1.431,0.052,1.0,78502,4.02,0.0,2.0,3.35,2025-05-11,3.1466564880282992
0.0,1.0,18.4,1.51,0.084,1.0,72464,2.88,2.0,3.0,3.45,2025-11-25,2.9550344537328104
0.0,3.0,34.6,1.125,0.135,1.0,158845,3.94,2.0,3.0,1.93,2025-04-10,2.9975199999999997
5.0,1.0,24.5,1.425,0.103,1.0,122043,2.6,2.0,5.0,2.58,2025-09-13,3.037531183193787
4.0,7.0,36.0,1.197,0.142,1.0,86959,2.69,1.0,7.0,3.2,2025-02-18,3.046009221581059
3.0,5.0,35.8,1.487,0.054,0.0,118455,3.91,1.0,5.0,2.64,2025-03-04,2.9999795939529976
0.0,1.0,34.4,1.019,0.067,0.0,81992,3.55,3.0,10.0,3.28,2025-11-07,2.9975199999999997
3.0,2.0,34.0,1.648,0.069,1.0,152498,3.74,2.0,5.0,2.04,2025-10-17,3.0795279079411197
0.0,0.0,22.8,1.099,0.078,0.0,57145,2.88,3.0,7.0,3.72,2025-04-15,3.0962788541735726
0.0,7.0,17.6,1.172,0.119,0.0,122146,3.4,3.0,6.66,2.57,2025-04-15,3.09652277694896
1.0,5.0,25.1,0.89,0.163,2.0,135735,3.72,2.0,11.0,2.33,2025-11-21,3.0831076548036767
0.0,2.0,19.7,0.939,0.186,1.0,62862,3.55,3.0,12.0,3.62,2025-01-15,3.0025806634131804
2.0,3.0,31.8,1.307,0.175,0.0,60336,3.3,0.0,11.0,3.67,2025-06-24,3.062259065444224
4.0,5.0,23.7,1.081,0.08,0.0,93052,4.08,1.0,2.0,3.09,2025-09-16,3.0115077099347927
4.0,4.0,38.3,1.598,0.116,1.0,106533,3.63,3.0,9.0,2.85,2025-07-30,2.9412144291660236
3.0,2.0,30.6,0.851,0.08,2.0,115349,3.99,2.0,4.0,2.69,2025-09-16,2.9550344537328104
0.0,2.0,34.8,1.183,0.09,1.0,140875,3.71,1.0,7.0,2.24,2025-04-12,3.0124907129248815
2.0,0.0,18.8,1.144,0.126,2.0,100981,3.72,1.0,4.0,2.95,2025-09-17,3.087997768086914
3.0,7.0,35.7,0.855,0.06,1.0,60118,2.68,3.0,12.0,3.67,2025-12-10,3.1466564880282992
1.0,3.0,37.1,0.951,0.083,1.0,62844,3.12,0.0,3.0,3.62,2025-06-08,3.0962788541735726
3.0,0.0,27.0,1.214,0.19,1.0,94832,3.91,3.0,6.0,3.06,2025-02-14,3.1120282297979407
3.0,5.0,29.8,1.286,0.12,1.0,110936,2.92,0.0,2.0,2.77,2025-10-28,3.0128525792871326
0.0,0.0,33.4,1.205,0.117,2.0,90005,2.73,1.0,10.0,3.14,2025-09-08,3.013513887499976
1.0,2.0,19.8,1.321,0.052,2.0,52404,3.07,3.0,12.0,3.81,2025-11-27,3.1120282297979407
3.0,7.0,27.4,1.379,0.087,0.0,156636,2.9,2.0,8.0,1.96,2025-06-14,2.9637103005195686
2.0,6.0,25.0,0.846,0.18,1.0,160204,4.02,3.0,4.0,1.9,2025-07-12,3.037531183193787
2.0,0.0,19.1,1.26,0.075,2.0,101903,3.93,0.0,5.0,2.93,2025-01-09,2.9550344537328104
4.0,4.0,24.2,1.715,0.112,2.0,134799,3.34,0.0,7.0,2.35,2025-03-06,2.8482505569999232
1.0,0.0,17.3,1.31,0.052,2.0,91325,2.65,3.0,6.65,3.12,2025-10-09,3.021062726997556
1.0,5.0,16.3,1.454,0.122,1.0,128564,3.69,0.0,8.0,2.46,2025-06-30,3.034301951522985
4.0,5.0,18.9,1.121,0.053,0.0,64617,3.54,1.0,7.0,3.59,2025-10-09,3.1466564880282992
3.0,3.0,38.0,1.542,0.173,2.0,63716,4.09,3.0,8.11,3.61,2025-10-06,3.087997768086914
1.0,5.0,28.4,1.541,0.174,1.0,74312,3.44,0.0,6.0,3.42,2025-01-30,2.9637103005195686
2.0,1.0,38.1,1.312,0.168,2.0,137885,3.08,3.0,5.0,2.3,2025-09-23,3.0222951873117756
2.0,7.0,25.7,1.726,0.093,2.0,100345,3.38,3.0,4.0,2.96,2025-11-24,3.044509155857308
0.0,7.0,22.9,0.952,0.176,0.0,53700,4.11,2.0,11.0,3.78,2025-08-05,3.037531183193787
1.0,6.0,27.4,0.853,0.131,2.0,80570,3.66,3.0,2.0,3.31,2025-11-16,3.0280315598013106
3.0,6.0,25.9,1.539,0.106,2.0,104369,3.62,2.0,4.0,2.89,2025-04-15,3.022545908717656
4.0,7.0,18.2,1.572,0.144,1.0,151715,2.93,0.0,4.0,2.05,2025-07-03,2.8745017071655603
4.0,4.0,30.6,0.947,0.052,1.0,82133,3.73,2.0,8.0,3.28,2025-11-26,2.9999795939529976
3.0,6.0,20.7,1.079,0.071,0.0,95944,3.74,2.0,8.0,3.04,2025-05-28,3.0146753909305652
5.0,3.0,30.1,0.853,0.161,1.0,112506,3.05,2.0,2.0,2.74,2025-04-15,3.022545908717656
0.0,5.0,30.8,1.104,0.087,1.0,101768,3.32,1.0,4.0,2.93,2025-02-16,2.9550344537328104
4.0,7.0,19.2,1.541,0.14,0.0,145199,3.02,2.0,9.0,2.17,2025-03-28,2.8745017071655603
1.0,2.0,17.1,1.309,0.108,2.0,91773,2.96,3.0,7.05,3.11,2025-11-05,2.9937236900826454
0.0,6.0,33.8,1.154,0.178,0.0,78109,2.59,2.0,8.0,3.35,2025-05-09,3.062259065444224
1.0,7.0,26.4,1.176,0.193,1.0,70628,3.0,3.0,8.0,3.49,2025-09-15,3.1117428131408658
2.0,1.0,17.1,1.143,0.183,0.0,69084,3.43,2.0,12.0,3.51,2025-11-10,3.0820983132609805
0.0,0.0,38.8,1.11,0.091,2.0,56023,2.55,1.0,9.0,3.74,2025-05-27,3.013513887499976
4.0,5.0,17.1,1.426,0.079,0.0,92946,3.0,0.0,7.0,3.09,2025-03-13,3.0124907129248815
0.0,7.0,31.8,1.724,0.121,1.0,98555,3.95,2.0,12.0,2.99,2025-05-20,2.9550344537328104
0.0,0.0,38.5,1.609,0.051,1.0,32374,3.49,2.0,4.0,4.16,2025-01-27,3.10689643256313
0.0,6.0,21.3,0.859,0.054,0.0,156473,3.52,1.0,2.0,1.97,2025-01-29,3.0124907129248815
5.0,0.0,19.0,1.656,0.133,2.0,58798,3.19,2.0,8.0,3.69,2025-09-28,3.2014768663798443
0.0,5.0,18.5,1.551,0.128,0.0,97822,3.63,3.0,2.0,3.0,2025-06-23,3.0128525792871326
1.0,7.0,22.7,1.548,0.199,2.0,129181,2.85,2.0,2.0,2.45,2025-09-10,3.2014768663798443
2.0,1.0,18.1,1.254,0.08,2.0,52841,3.85,2.0,10.0,3.8,2025-03-01,3.0146753909305652
3.0,4.0,31.7,1.2,0.089,0.0,78229,2.74,0.0,11.0,3.35,2025-04-17,3.0025806634131804
0.0,6.0,17.2,1.113,0.067,2.0,155499,3.59,0.0,7.07,1.98,2025-08-08,3.2014768663798443
4.0,7.0,27.5,0.897,0.188,1.0,132753,3.09,2.0,12.0,2.39,2025-09-16,3.0280315598013106
0.0,5.0,38.8,1.045,0.167,0.0,58328,3.74,1.0,5.0,3.7,2025-05-26,3.037531183193787
4.0,6.0,34.6,1.062,0.173,2.0,61845,3.42,0.0,7.0,3.64,2025-02-21,3.0128525792871326
1.0,3.0,30.0,1.278,0.185,1.0,111869,3.27,2.0,2.0,2.76,2025-03-01,3.0222951873117756
4.0,0.0,22.8,1.518,0.129,0.0,63973,2.82,0.0,8.0,3.6,2025-02-03,2.9637103005195686
3.0,4.0,30.2,1.269,0.118,1.0,63274,3.56,2.0,7.0,3.62,2025-04-06,3.1117428131408658
2.0,5.0,27.9,0.89,0.1,1.0,91199,4.1,0.0,5.0,3.12,2025-03-30,2.8482505569999232
4.0,3.0,25.6,1.71,0.138,1.0,55397,3.86,0.0,8.0,3.75,2025-11-12,2.9375177153896486
4.0,2.0,18.8,1.696,0.118,2.0,134811,2.65,3.0,4.0,2.35,2025-08-19,3.034301951522985
2.0,7.0,36.2,1.552,0.118,0.0,125444,3.15,2.0,2.0,2.52,2025-10-02,3.041944162037055
3.0,1.0,26.1,1.74,0.191,0.0,97124,4.02,2.0,5.0,3.02,2025-09-03,3.013266410547321
0.0,6.0,20.2,1.333,0.198,2.0,55825,3.35,2.0,4.0,3.75,2025-04-21,3.0820983132609805
4.0,0.0,24.2,1.714,0.169,0.0,90104,3.6,2.0,2.0,3.14,2025-08-22,3.041944162037055
2.0,6.0,25.3,0.906,0.164,1.0,47343,4.0,0.0,3.0,3.9,2025-10-05,3.0124907129248815
1.0,4.0,34.9,1.17,0.152,0.0,74146,3.94,3.0,12.0,3.42,2025-06-15,3.0582575898647795
2.0,7.0,32.7,1.043,0.075,2.0,109561,3.35,3.0,6.0,2.8,2025-05-08,2.9604674090272924
1.0,6.0,33.5,1.016,0.059,1.0,134540,3.25,1.0,9.0,2.35,2025-08-25,3.026463940914762
3.0,0.0,16.0,1.21,0.154,2.0,139911,3.09,2.0,2.0,2.26,2025-10-18,3.1120282297979407
0.0,7.0,25.4,1.404,0.159,1.0,82527,3.69,1.0,5.0,3.27,2025-04-17,2.9942248458406215
2.0,6.0,26.9,1.549,0.057,1.0,85328,3.01,0.0,5.0,3.23,2025-05-08,2.9937236900826454
5.0,1.0,16.2,1.364,0.189,0.0,69683,2.95,1.0,6.0,3.5,2025-07-14,3.062259065444224
4.0,5.0,21.7,0.971,0.064,1.0,61783,3.12,2.0,8.0,3.64,2025-12-05,3.0025806634131804
3.0,7.0,33.3,1.576,0.093,2.0,39565,2.83,3.0,9.0,4.03,2025-05-23,2.9604674090272924
2.0,5.0,18.9,1.416,0.151,0.0,55063,3.66,3.0,7.0,3.76,2025-04-21,3.020723950915925
4.0,2.0,28.1,1.191,0.075,2.0,107952,3.53,2.0,2.0,2.83,2025-03-31,3.1120282297979407
2.0,7.0,20.7,1.451,0.058,1.0,48033,3.32,0.0,8.0,3.88,2025-09-08,3.0280315598013106
1.0,1.0,16.0,1.074,0.1,2.0,144496,3.17,2.0,4.0,2.18,2025-10-07,2.9375177153896486
2.0,5.0,21.3,1.3735,0.165,2.0,123338,4.0,0.0,7.0,2.55,2025-11-29,3.037531183193787
5.0,3.0,38.3,1.673,0.112,1.0,69720,2.6,3.0,9.0,3.5,2025-08-12,3.0820983132609805
2.0,0.0,34.3,1.102,0.148,0.0,153780,3.77,0.0,8.0,2.01,2025-04-11,3.0232032781531757
2.0,3.0,37.9,1.265,0.137,2.0,141077,3.98,2.0,11.0,2.24,2025-05-12,2.9937236900826454
5.0,6.0,27.0,1.648,0.053,1.0,41547,3.26,2.0,7.13,4.0,2025-01-13,3.1117428131408658
3.0,1.0,18.3,1.482,0.198,0.0,56140,3.43,2.0,10.0,3.74,2025-04-08,3.2014768663798443
2.0,3.0,28.4,0.894,0.056,0.0,97449,4.05,0.0,10.0,3.01,2025-04-30,3.037531183193787
5.0,7.0,26.2,0.971,0.195,0.0,53358,2.89,0.0,2.0,3.79,2025-10-20,3.062259065444224
4.0,6.0,35.3,0.844,0.132,2.0,147529,3.38,0.0,2.0,2.13,2025-10-31,2.9412144291660236
1.0,6.0,18.0,1.412,0.194,2.0,67229,3.3,3.0,2.0,3.55,2025-07-18,3.0146753909305652
1.0,3.0,27.0,1.245,0.067,2.0,116471,2.96,1.0,9.0,2.67,2025-01-01,3.09652277694896
2.0,2.0,19.2,0.96,0.124,0.0,123464,3.85,1.0,11.0,2.55,2025-03-01,3.0025806634131804
3.0,3.0,23.2,1.71,0.075,2.0,63662,3.98,2.0,6.85,3.61,2025-09-07,3.1466564880282992
3.0,2.0,32.8,1.32,0.058,1.0,118789,3.79,3.0,4.0,2.63,2025-05-20,3.011032233730564
4.0,1.0,26.7,1.058,0.143,2.0,116964,2.86,0.0,7.09,2.67,2025-05-29,3.1120282297979407
2.0,0.0,24.4,1.293,0.081,2.0,79656,2.69,2.0,5.0,3.33,2025-02-13,3.1120282297979407
1.0,3.0,24.9,1.456,0.138,0.0,109897,3.51,3.0,4.0,2.79,2025-07-05,3.087997768086914
3.0,4.0,26.4,0.907,0.067,2.0,160180,2.64,2.0,8.0,1.9,2025-04-18,3.087997768086914
2.0,2.0,33.9,1.087,0.1,1.0,38341,3.62,3.0,11.0,4.06,2025-02-13,3.022545908717656
3.0,3.0,36.4,1.572,0.167,0.0,110509,3.39,3.0,9.0,2.78,2025-03-19,3.0115077099347927
5.0,5.0,37.8,1.256,0.116,1.0,159337,3.6,1.0,7.0,1.92,2025-08-14,2.9604674090272924
3.0,7.0,33.9,1.335,0.144,0.0,94254,3.49,2.0,4.0,3.07,2025-06-11,3.013266410547321
1.0,4.0,23.0,1.231,0.147,0.0,94169,3.22,0.0,7.0,3.07,2025-10-08,3.043530945336403
0.0,4.0,31.7,0.877,0.177,2.0,53359,2.87,1.0,3.0,3.79,2025-09-10,3.09652277694896
4.0,2.0,25.9,0.988,0.099,1.0,132164,3.04,1.0,8.0,2.4,2025-05-12,2.9942248458406215
4.0,5.0,21.6,1.243,0.153,0.0,77022,3.38,0.0,12.0,3.37,2025-05-24,3.021062726997556
1.0,5.0,35.2,1.028,0.194,2.0,49848,3.59,3.0,11.0,3.85,2025-09-23,3.2014768663798443
3.0,6.0,16.6,0.883,0.16,0.0,47378,3.79,0.0,8.0,3.9,2025-04-19,3.1466564880282992
2.0,2.0,36.6,1.606,0.123,0.0,37719,3.77,2.0,6.44,4.07,2025-07-13,3.013513887499976
3.0,0.0,26.4,1.731,0.145,0.0,67790,4.1,0.0,9.0,3.54,2025-02-04,3.087997768086914
1.0,7.0,30.5,1.56,0.161,0.0,108386,3.0,3.0,6.03,2.82,2025-10-02,3.013513887499976
4.0,1.0,31.0,1.615,0.142,0.0,147458,2.66,0.0,8.0,2.13,2025-07-06,3.013513887499976
3.0,4.0,36.4,1.058,0.053,0.0,91060,3.1,3.0,5.0,3.12,2025-08-31,2.8482505569999232
4.0,1.0,30.5,1.712,0.079,2.0,62637,3.73,3.0,6.0,3.63,2025-09-21,3.013266410547321
2.0,3.0,29.9,1.017,0.172,0.0,33768,3.25,2.0,8.0,4.14,2025-01-10,3.1466564880282992
4.0,3.0,17.3,1.704,0.091,1.0,56609,3.85,0.0,11.0,3.73,2025-06-15,3.0820983132609805
4.0,1.0,27.7,1.5945,0.16,2.0,98644,3.42,0.0,4.0,2.99,2025-01-29,3.0115077099347927
0.0,3.0,19.2,1.485,0.106,1.0,122583,4.03,2.0,11.0,2.57,2025-09-28,3.2014768663798443
0.0,0.0,32.8,1.731,0.128,0.0,104555,4.06,3.0,6.0,2.89,2025-03-28,2.9550344537328104
5.0,5.0,27.6,1.356,0.06,1.0,159306,2.66,0.0,12.0,1.92,2025-01-23,3.0582575898647795
0.0,3.0,31.5,1.074,0.077,0.0,114199,3.28,2.0,4.0,2.71,2025-07-29,3.0831076548036767
4.0,6.0,16.7,1.235,0.194,0.0,61018,3.52,3.0,6.0,3.66,2025-02-15,3.016381209738393
1.0,3.0,17.7,1.378,0.184,2.0,126637,2.96,2.0,4.0,2.49,2025-01-28,2.9942248458406215
4.0,7.0,32.3,0.904,0.148,2.0,141195,3.2,0.0,12.0,2.24,2025-01-26,3.013266410547321
1.0,0.0,17.4,1.404,0.119,0.0,70141,3.63,2.0,11.0,3.49,2025-09-23,2.9975199999999997
1.0,7.0,17.4,1.731,0.151,2.0,105848,2.91,1.0,12.0,2.86,2025-06-24,3.0115077099347927
0.0,7.0,16.0,1.01,0.143,1.0,115865,3.51,3.0,8.0,2.69,2025-01-04,3.021062726997556
3.0,6.0,37.9,1.559,0.135,2.0,78960,3.66,1.0,2.0,3.34,2025-11-07,3.0146753909305652
2.0,0.0,32.8,1.664,0.059,2.0,138853,2.69,1.0,10.0,2.28,2025-11-18,2.9937236900826454
0.0,0.0,23.9,1.697,0.145,1.0,82581,3.34,3.0,10.0,3.27,2025-03-08,3.044509155857308
0.0,2.0,22.6,1.712,0.165,2.0,145751,2.97,3.0,6.0,2.16,2025-05-15,2.9999795939529976
3.0,0.0,23.8,1.312,0.199,0.0,148341,3.7,2.0,10.0,2.11,2025-02-24,2.9412144291660236
2.0,0.0,33.7,1.727,0.052,1.0,33067,2.85,3.0,11.0,4.15,2025-01-31,3.09652277694896
4.0,0.0,31.0,1.527,0.16,0.0,36195,3.97,1.0,7.0,4.09,2025-03-15,2.9942248458406215
5.0,6.0,20.0,0.984,0.136,1.0,90326,3.24,1.0,6.0,3.14,2025-01-19,2.9975199999999997
5.0,3.0,19.8,1.272,0.115,0.0,150442,2.86,0.0,4.0,2.07,2025-06-05,2.8482505569999232
4.0,2.0,18.0,1.491,0.069,0.0,75268,3.25,3.0,12.0,3.4,2025-12-03,3.026463940914762
0.0,7.0,31.0,1.063,0.111,2.0,72397,3.2,1.0,12.0,3.45,2025-06-05,3.043530945336403
2.0,0.0,33.4,1.421,0.103,0.0,47632,3.23,0.0,9.0,3.89,2025-05-27,3.0820983132609805
0.0,4.0,21.9,1.444,0.095,2.0,46921,3.48,0.0,5.0,3.9,2025-03-28,3.2014768663798443
1.0,3.0,16.2,0.985,0.16,1.0,109170,3.38,2.0,11.0,2.8,2025-01-20,3.013266410547321
0.0,3.0,17.6,1.352,0.155,0.0,50474,2.79,1.0,4.0,3.84,2025-09-26,3.0795279079411197
0.0,7.0,38.1,1.54,0.138,0.0,156657,2.65,2.0,7.0,1.96,2025-11-29,3.1466564880282992
4.0,6.0,22.6,1.292,0.191,1.0,131489,3.71,1.0,9.0,2.41,2025-02-12,3.034301951522985
4.0,1.0,33.5,0.848,0.102,1.0,72802,3.44,2.0,10.0,3.45,2025-11-02,3.0124907129248815
4.0,1.0,30.2,0.845,0.087,0.0,68974,3.12,2.0,7.0,3.51,2025-01-28,3.1074473460558387
5.0,3.0,24.6,1.162,0.148,1.0,69560,3.84,3.0,6.0,3.5,2025-09-17,3.044509155857308
1.0,5.0,20.5,1.681,0.08,2.0,74798,3.17,2.0,8.69,3.41,2025-01-22,3.013266410547321
4.0,5.0,18.5,1.046,0.097,1.0,99909,3.82,3.0,6.52,2.97,2025-04-11,3.0582575898647795
2.0,7.0,30.0,1.415,0.084,1.0,81764,3.04,0.0,3.0,3.29,2025-02-08,3.0648188372108853
5.0,1.0,33.7,1.04,0.06,0.0,104105,2.67,1.0,10.0,2.89,2025-10-17,3.1120282297979407
3.0,3.0,30.6,1.13,0.174,2.0,97219,4.03,0.0,3.0,3.01,2025-12-19,3.026463940914762
2.0,6.0,28.0,1.61,0.088,1.0,160864,3.18,1.0,3.0,1.89,2025-10-27,2.8482505569999232
2.0,1.0,16.7,1.501,0.121,2.0,86769,3.81,0.0,4.0,3.2,2025-06-19,3.0128525792871326
4.0,3.0,38.1,0.924,0.056,2.0,49494,2.99,1.0,4.0,3.86,2025-10-23,3.043530945336403
3.0,3.0,34.2,1.228,0.155,2.0,59111,3.58,2.0,5.0,3.69,2025-12-19,3.013266410547321
3.0,0.0,22.5,0.864,0.1,0.0,104677,3.94,1.0,8.0,2.88,2025-05-10,3.0820983132609805
5.0,6.0,38.4,1.275,0.162,1.0,158037,2.62,1.0,10.0,1.94,2025-06-05,2.9937236900826454
3.0,0.0,29.7,1.441,0.112,0.0,76023,3.87,0.0,3.0,3.39,2025-03-15,2.9937236900826454
1.0,7.0,29.2,0.945,0.079,1.0,132636,3.46,0.0,5.0,2.39,2025-12-08,2.9375177153896486
4.0,0.0,33.0,1.1,0.127,1.0,107535,3.52,0.0,10.0,2.83,2025-03-31,2.9637103005195686
3.0,4.0,34.5,1.2,0.07,0.0,143341,3.38,3.0,3.0,2.2,2025-03-08,3.10689643256313
5.0,0.0,30.9,1.675,0.116,2.0,108598,3.94,3.0,11.0,2.81,2025-08-24,2.9375177153896486
1.0,4.0,18.7,1.2765,0.098,2.0,91538,2.62,1.0,12.0,3.12,2025-07-19,3.10689643256313
0.0,1.0,23.6,0.878,0.187,1.0,160653,2.97,1.0,6.59,1.89,2025-11-28,3.0795279079411197
0.0,5.0,37.2,1.53,0.059,0.0,137733,3.94,2.0,11.0,2.3,2025-08-15,3.022545908717656
1.0,2.0,20.9,1.176,0.154,2.0,149693,3.75,2.0,9.0,2.09,2025-12-14,2.9975199999999997
5.0,2.0,24.3,1.195,0.077,2.0,139392,2.58,1.0,10.0,2.27,2025-08-21,2.9604674090272924
1.0,3.0,25.7,1.524,0.098,1.0,34447,3.37,3.0,8.0,4.13,2025-09-23,3.0820983132609805
4.0,2.0,25.9,1.674,0.112,1.0,131219,3.39,1.0,9.0,2.41,2025-03-27,2.9937236900826454
4.0,4.0,29.9,1.703,0.186,0.0,131551,3.19,2.0,5.0,2.41,2025-04-12,3.0128525792871326
0.0,6.0,37.6,1.363,0.086,1.0,70745,3.02,3.0,5.0,3.48,2025-08-02,3.0128525792871326
3.0,0.0,21.3,1.162,0.064,2.0,86103,3.63,3.0,3.0,3.21,2025-04-18,3.1074473460558387
5.0,4.0,18.5,1.555,0.098,2.0,159553,2.88,2.0,9.0,1.91,2025-06-14,3.0648188372108853
0.0,6.0,20.3,1.066,0.066,2.0,93408,3.82,1.0,12.0,3.08,2025-04-01,3.0820983132609805
3.0,5.0,36.3,1.351,0.069,2.0,138470,3.83,0.0,3.0,2.29,2025-07-11,2.9412144291660236
3.0,2.0,30.7,1.164,0.136,0.0,34313,3.21,1.0,10.0,4.13,2025-12-01,3.1117428131408658
4.0,5.0,22.3,1.435,0.059,0.0,117917,3.0,1.0,5.0,2.65,2025-03-27,3.10689643256313
2.0,2.0,34.6,1.056,0.055,1.0,114710,3.0,2.0,2.0,2.71,2025-08-10,3.021062726997556
2.0,0.0,35.7,1.012,0.157,1.0,85802,3.32,3.0,5.0,3.22,2025-12-29,3.034301951522985
1.0,7.0,35.3,1.674,0.104,1.0,149416,3.69,2.0,4.0,2.09,2025-04-11,3.1120282297979407
4.0,0.0,37.0,0.93,0.069,0.0,70055,3.12,1.0,7.0,3.5,2025-08-14,3.0222951873117756
3.0,1.0,21.6,1.298,0.088,2.0,41033,3.52,0.0,8.0,4.01,2025-12-30,3.0232032781531757
5.0,4.0,33.2,1.038,0.146,1.0,41779,3.16,0.0,9.0,4.0,2025-03-01,3.043530945336403
2.0,3.0,26.4,0.873,0.091,2.0,107661,3.03,0.0,3.0,2.83,2025-09-07,3.0154098177212205
3.0,7.0,35.2,0.87,0.124,1.0,53604,2.59,2.0,7.0,3.79,2025-02-17,3.1120282297979407
2.0,0.0,32.6,0.997,0.068,1.0,67994,2.56,3.0,7.0,3.53,2025-04-27,3.016381209738393
2.0,6.0,33.7,1.627,0.138,1.0,156532,2.91,2.0,8.24,1.97,2025-08-15,2.9550344537328104
2.0,7.0,30.9,1.095,0.097,1.0,137886,3.2,0.0,6.0,2.3,2025-12-28,2.8482505569999232
5.0,4.0,19.8,1.703,0.144,1.0,113471,3.9,1.0,11.0,2.73,2025-02-02,2.9604674090272924
4.0,2.0,28.3,1.367,0.171,2.0,146451,3.82,3.0,11.0,2.14,2025-02-13,3.026463940914762
5.0,7.0,38.5,1.235,0.142,1.0,118596,2.97,2.0,8.0,2.64,2025-06-14,3.013266410547321
0.0,2.0,37.4,1.366,0.094,2.0,41790,2.94,2.0,4.0,4.0,2025-12-11,3.0795279079411197
3.0,4.0,16.7,1.308,0.088,0.0,53552,2.91,3.0,5.0,3.79,2025-10-19,3.087997768086914
4.0,0.0,19.5,1.528,0.099,1.0,137590,3.09,3.0,11.0,2.3,2025-12-03,2.8745017071655603
4.0,4.0,18.8,1.095,0.075,2.0,39162,3.34,1.0,10.0,4.04,2025-12-10,3.034301951522985
4.0,7.0,32.5,1.159,0.077,0.0,142763,3.25,3.0,5.0,2.21,2025-10-14,2.9550344537328104
4.0,6.0,34.7,1.652,0.169,0.0,102259,2.9,1.0,4.0,2.93,2025-12-30,3.013266410547321
5.0,5.0,20.7,1.699,0.108,0.0,42750,2.76,0.0,3.0,3.98,2025-08-13,3.1466564880282992
4.0,7.0,27.4,1.65,0.115,2.0,88322,2.57,0.0,6.0,3.17,2025-10-13,3.041944162037055
1.0,4.0,35.2,1.219,0.139,1.0,160198,2.79,2.0,5.0,1.9,2025-07-23,2.971753113841859
3.0,5.0,32.7,1.548,0.138,1.0,94291,3.67,0.0,9.0,3.07,2025-06-21,3.011032233730564
4.0,4.0,28.3,1.271,0.06,2.0,73227,2.94,0.0,8.0,3.44,2025-01-12,3.013513887499976
3.0,6.0,29.4,1.29,0.175,1.0,132677,3.3,1.0,7.0,2.39,2025-11-03,3.013266410547321
1.0,4.0,27.5,1.024,0.077,2.0,120390,3.49,2.0,12.0,2.61,2025-05-01,3.1466564880282992
1.0,0.0,22.6,1.376,0.158,1.0,82153,3.96,3.0,3.0,3.28,2025-09-01,3.062259065444224
3.0,3.0,28.8,1.007,0.166,0.0,64126,3.96,2.0,4.0,3.6,2025-06-01,3.0128525792871326
2.0,2.0,31.7,1.139,0.157,1.0,75179,3.74,0.0,11.0,3.4,2025-06-01,2.8745017071655603
0.0,2.0,35.9,1.616,0.137,2.0,89565,2.61,3.0,10.0,3.15,2025-07-07,3.0831076548036767
2.0,7.0,30.5,1.026,0.052,2.0,104661,3.46,2.0,10.0,2.88,2025-01-13,3.0795279079411197
2.0,3.0,33.3,0.902,0.104,0.0,141256,3.8,2.0,6.0,2.24,2025-04-01,3.0025806634131804
5.0,4.0,19.4,0.9,0.141,2.0,110290,2.58,2.0,4.0,2.78,2025-07-19,3.037531183193787
2.0,6.0,26.4,1.694,0.108,1.0,122087,3.42,2.0,3.0,2.58,2025-03-15,3.0128525792871326
4.0,7.0,15.9,1.299,0.18,1.0,118484,3.91,1.0,9.0,2.64,2025-09-13,3.0128525792871326
5.0,4.0,21.4,1.21,0.096,0.0,73036,3.3,2.0,7.0,3.44,2025-10-03,3.0582575898647795
5.0,5.0,32.5,1.576,0.094,2.0,56830,2.56,0.0,11.0,3.73,2025-11-24,3.0962788541735726
1.0,1.0,38.7,1.598,0.09,0.0,110352,2.57,0.0,12.0,2.78,2025-11-25,3.013266410547321
2.0,4.0,18.0,1.14,0.1,1.0,79358,3.21,1.0,8.0,3.33,2025-03-12,2.8482505569999232
1.0,3.0,25.0,1.469,0.134,0.0,138380,2.8,3.0,2.0,2.29,2025-03-19,3.0124907129248815
3.0,7.0,34.2,1.54,0.156,2.0,106394,3.61,3.0,2.0,2.85,2025-10-11,3.034301951522985
0.0,3.0,20.4,1.433,0.149,0.0,106555,3.68,0.0,11.0,2.85,2025-05-10,2.9375177153896486
5.0,7.0,28.6,0.975,0.171,2.0,37186,2.83,0.0,6.82,4.08,2025-02-12,3.043530945336403
3.0,4.0,32.7,1.635,0.183,2.0,158898,3.96,1.0,11.0,1.92,2025-01-08,2.9975199999999997
3.0,0.0,30.0,1.328,0.172,1.0,126021,3.25,3.0,4.0,2.51,2025-01-13,3.020723950915925
4.0,5.0,20.1,1.095,0.053,1.0,150923,2.78,3.0,2.0,2.07,2025-08-01,2.9942248458406215
0.0,4.0,24.0,1.225,0.16,1.0,69687,3.77,2.0,6.0,3.5,2025-04-21,3.1466564880282992
3.0,2.0,33.9,0.871,0.081,2.0,53875,3.81,2.0,4.0,3.78,2025-10-18,2.9637103005195686
3.0,3.0,28.6,0.954,0.07,0.0,144560,3.57,2.0,2.0,2.18,2025-01-23,2.8482505569999232
0.0,1.0,15.8,1.534,0.146,2.0,140949,3.91,1.0,9.0,2.24,2025-10-29,3.013266410547321
0.0,1.0,33.3,1.3755000000000002,0.098,1.0,71943,3.72,0.0,12.0,3.46,2025-09-11,3.0820983132609805
3.0,6.0,16.5,1.217,0.059,1.0,42400,3.95,1.0,7.0,3.98,2025-01-15,2.8745017071655603
0.0,7.0,33.0,1.313,0.071,0.0,92656,3.24,3.0,10.0,3.1,2025-05-10,3.0222951873117756
3.0,3.0,20.4,0.887,0.05,1.0,40156,3.74,0.0,4.0,4.02,2025-03-02,3.037531183193787
3.0,6.0,37.9,1.723,0.185,1.0,70469,4.14,2.0,10.0,3.49,2025-04-25,2.9637103005195686
4.0,3.0,24.2,1.043,0.054,1.0,61104,3.7,1.0,10.0,3.65,2025-11-16,2.9942248458406215
2.0,2.0,23.3,1.114,0.081,0.0,68090,2.73,1.0,2.0,3.53,2025-11-04,3.013266410547321
3.0,7.0,19.2,1.114,0.112,2.0,63288,3.37,2.0,4.0,3.61,2025-11-21,3.046009221581059
1.0,4.0,22.8,1.047,0.103,1.0,142279,3.48,1.0,7.0,2.22,2025-03-08,3.016381209738393
5.0,4.0,36.0,0.839,0.187,0.0,108748,2.83,2.0,9.0,2.81,2025-09-06,2.9637103005195686
2.0,1.0,38.8,1.502,0.056,1.0,70806,4.08,3.0,5.0,3.48,2025-06-24,3.016381209738393
2.0,4.0,24.2,1.718,0.127,0.0,145730,2.83,0.0,6.0,2.16,2025-12-05,3.09652277694896
2.0,4.0,26.1,1.042,0.152,1.0,120204,2.83,3.0,10.0,2.61,2025-01-02,3.1466564880282992
4.0,2.0,32.4,1.441,0.19,0.0,99606,4.01,3.0,7.0,2.97,2025-06-21,3.2014768663798443
3.0,0.0,36.2,1.513,0.143,1.0,44605,3.29,2.0,8.0,3.95,2025-11-30,3.044509155857308
4.0,1.0,29.5,1.61,0.171,2.0,42269,2.65,1.0,8.0,3.99,2025-10-11,3.013513887499976
3.0,6.0,24.8,1.222,0.063,1.0,44704,3.5,3.0,5.0,3.94,2025-02-23,3.0115077099347927
4.0,5.0,25.3,1.113,0.108,0.0,41289,3.51,3.0,5.0,4.0,2025-03-08,3.1117428131408658
4.0,0.0,31.8,1.134,0.106,1.0,97605,2.65,3.0,5.0,3.01,2025-04-12,3.0146753909305652
5.0,6.0,15.8,1.486,0.183,2.0,68283,4.1,1.0,12.0,3.53,2025-04-30,3.1120282297979407
1.0,7.0,30.1,1.581,0.073,1.0,142584,3.42,1.0,6.0,2.21,2025-07-10,3.0025806634131804
4.0,0.0,24.0,1.003,0.073,0.0,71762,3.44,2.0,6.0,3.47,2025-10-31,2.9637103005195686
5.0,2.0,34.1,1.175,0.099,0.0,51660,3.38,3.0,9.0,3.82,2025-02-16,2.971753113841859
0.0,6.0,17.9,1.659,0.058,2.0,117957,3.52,0.0,10.0,2.65,2025-08-10,3.0115077099347927
1.0,7.0,29.3,1.572,0.077,0.0,58587,2.97,1.0,3.0,3.7,2025-01-21,3.0962788541735726
4.0,1.0,26.9,1.734,0.195,1.0,97772,3.01,2.0,12.0,3.01,2025-06-07,3.011032233730564
2.0,5.0,30.6,1.524,0.114,1.0,147740,3.36,3.0,8.0,2.12,2025-12-14,3.0146753909305652
0.0,7.0,17.2,1.195,0.145,1.0,141265,3.83,0.0,2.0,2.24,2025-06-08,2.9412144291660236
0.0,4.0,29.1,1.375,0.159,0.0,93613,2.63,1.0,2.0,3.08,2025-08-23,3.0280315598013106
5.0,3.0,28.7,1.439,0.105,1.0,66460,3.51,0.0,5.0,3.56,2025-05-30,3.022545908717656
0.0,7.0,28.7,0.909,0.072,1.0,39089,3.83,1.0,11.0,4.04,2025-09-14,2.9975199999999997
1.0,7.0,29.7,1.333,0.081,1.0,59481,2.8,2.0,8.0,3.68,2025-06-14,3.0115077099347927
4.0,5.0,31.4,1.483,0.097,2.0,46685,2.57,0.0,3.0,3.91,2025-03-18,3.0820983132609805
4.0,3.0,34.4,0.99,0.145,0.0,114897,3.05,3.0,12.0,2.7,2025-03-26,3.013513887499976
2.0,4.0,22.0,1.548,0.11,0.0,97941,3.49,3.0,3.0,3.0,2025-02-15,3.021062726997556
5.0,6.0,34.8,1.369,0.051,0.0,76547,2.77,1.0,2.0,3.38,2025-02-16,2.971753113841859
2.0,6.0,27.3,1.704,0.129,2.0,118973,3.23,3.0,11.0,2.63,2025-08-01,3.0795279079411197
0.0,7.0,17.5,0.876,0.188,0.0,132550,3.43,0.0,3.0,2.39,2025-02-28,3.0648188372108853
2.0,2.0,17.1,1.079,0.172,2.0,37844,3.5,2.0,8.0,4.06,2025-02-23,3.0128525792871326
1.0,2.0,23.5,1.385,0.174,2.0,148083,2.99,1.0,10.0,2.12,2025-12-08,3.0128525792871326
4.0,3.0,33.9,1.107,0.169,0.0,45575,3.19,0.0,7.0,3.93,2025-01-12,3.0831076548036767
0.0,3.0,32.1,1.488,0.099,1.0,137589,3.79,1.0,11.0,2.3,2025-07-11,3.021062726997556
2.0,4.0,34.0,1.529,0.165,1.0,95548,4.05,2.0,7.96,3.04,2025-01-06,3.011032233730564
5.0,5.0,27.7,0.931,0.071,0.0,66850,3.92,1.0,11.0,3.55,2025-11-05,3.046009221581059
1.0,1.0,25.9,1.305,0.149,0.0,85993,3.45,3.0,11.0,3.21,2025-05-24,3.2014768663798443
1.0,6.0,19.1,1.301,0.146,2.0,51941,3.2,3.0,10.0,3.82,2025-12-12,3.087997768086914
2.0,5.0,23.3,1.174,0.054,0.0,104049,3.08,1.0,8.0,2.89,2025-09-18,3.0280315598013106
4.0,0.0,25.8,1.687,0.168,2.0,157177,2.75,2.0,12.0,1.95,2025-03-14,2.8482505569999232
2.0,6.0,17.8,1.591,0.185,0.0,112321,2.72,2.0,2.0,2.75,2025-06-23,3.046009221581059
0.0,5.0,20.8,1.472,0.09,1.0,47905,3.64,3.0,10.0,3.89,2025-08-20,3.1120282297979407
2.0,6.0,29.6,1.488,0.172,1.0,135473,2.96,2.0,3.0,2.34,2025-09-27,3.1466564880282992
1.0,1.0,32.8,1.258,0.062,0.0,83013,2.95,1.0,5.0,3.27,2025-12-28,2.971753113841859
2.0,0.0,38.8,1.676,0.14,2.0,52690,4.14,0.0,10.0,3.8,2025-08-10,3.0820983132609805
4.0,2.0,37.3,1.47,0.123,1.0,107703,2.85,1.0,8.67,2.83,2025-02-21,3.0222951873117756
5.0,2.0,30.6,1.501,0.132,2.0,90766,2.79,3.0,4.0,3.13,2025-04-26,3.016381209738393
3.0,1.0,25.5,1.622,0.189,0.0,36281,2.71,3.0,2.0,4.09,2025-01-26,3.016381209738393
2.0,4.0,30.4,1.087,0.181,0.0,41793,3.47,3.0,8.0,4.0,2025-02-22,3.2014768663798443
4.0,0.0,33.9,1.572,0.168,1.0,103518,3.55,2.0,7.0,2.9,2025-12-31,3.0025806634131804
4.0,7.0,18.5,1.015,0.091,0.0,103618,3.13,1.0,11.0,2.9,2025-01-29,3.1074473460558387
5.0,5.0,25.2,1.152,0.187,1.0,147931,3.4,0.0,5.0,2.12,2025-01-19,2.9604674090272924
1.0,0.0,35.2,1.143,0.065,2.0,151538,3.8,1.0,7.0,2.05,2025-10-30,2.8745017071655603
4.0,4.0,24.6,1.728,0.178,1.0,127635,3.85,0.0,7.0,2.48,2025-10-06,2.9937236900826454
4.0,4.0,29.0,1.617,0.099,1.0,139741,4.07,1.0,8.15,2.26,2025-04-27,3.0124907129248815
4.0,1.0,29.3,1.476,0.058,2.0,49284,3.86,3.0,7.0,3.86,2025-04-16,3.0795279079411197
4.0,6.0,20.0,1.499,0.15,1.0,157880,3.45,0.0,11.0,1.94,2025-11-05,3.0128525792871326
0.0,0.0,24.1,1.349,0.085,1.0,143616,2.84,1.0,12.0,2.19,2025-08-15,3.0154098177212205
0.0,5.0,23.5,1.7,0.087,0.0,55060,2.71,2.0,9.0,3.76,2025-12-18,3.034301951522985
1.0,0.0,16.3,1.289,0.096,2.0,123829,2.64,2.0,4.0,2.54,2025-07-05,2.9412144291660236
2.0,3.0,16.3,1.184,0.06,1.0,33824,3.61,1.0,5.0,4.14,2025-09-18,3.0280315598013106
4.0,6.0,35.0,0.986,0.077,2.0,150754,3.83,3.0,11.0,2.07,2025-01-16,3.062259065444224
5.0,5.0,22.0,1.553,0.051,2.0,81702,3.36,0.0,2.0,3.29,2025-09-30,3.034301951522985
2.0,2.0,27.7,1.506,0.117,1.0,123956,2.64,1.0,5.0,2.54,2025-06-09,3.016381209738393
5.0,5.0,22.6,1.187,0.063,0.0,97914,3.4,2.0,6.71,3.0,2025-12-24,3.020723950915925
2.0,7.0,37.5,0.86,0.152,2.0,68191,4.04,0.0,11.0,3.53,2025-09-07,3.2014768663798443
1.0,1.0,21.7,1.601,0.085,1.0,123309,3.5,2.0,11.0,2.55,2025-08-12,3.044509155857308
4.0,7.0,25.7,0.848,0.192,2.0,72132,3.84,2.0,10.0,3.46,2025-09-13,2.8482505569999232
4.0,5.0,35.9,1.478,0.181,0.0,78136,3.82,1.0,9.0,3.35,2025-06-29,2.9375177153896486
3.0,6.0,35.2,1.721,0.093,0.0,106253,4.03,2.0,12.0,2.86,2025-01-20,3.1466564880282992
5.0,0.0,20.0,1.236,0.167,0.0,45662,3.77,0.0,5.0,3.93,2025-04-22,3.1074473460558387
2.0,2.0,34.3,1.051,0.17,1.0,99045,3.74,3.0,8.0,2.98,2025-04-30,3.044509155857308
2.0,0.0,26.3,1.479,0.198,1.0,70221,2.92,1.0,11.0,3.49,2025-07-13,2.9937236900826454
0.0,6.0,26.9,1.581,0.14,0.0,102734,2.65,0.0,4.0,2.92,2025-04-21,2.9375177153896486
3.0,5.0,18.8,1.335,0.062,1.0,160017,3.37,1.0,10.0,1.9,2025-07-29,3.020723950915925
0.0,4.0,17.6,1.718,0.147,0.0,50862,2.75,2.0,11.0,3.83,2025-01-01,2.9937236900826454
0.0,0.0,32.6,0.884,0.144,1.0,96810,4.08,2.0,5.0,3.02,2025-02-27,3.0124907129248815
0.0,4.0,27.2,1.297,0.146,0.0,108707,3.01,0.0,3.0,2.81,2025-04-03,3.026463940914762
5.0,0.0,25.8,1.492,0.096,2.0,39910,3.91,0.0,11.0,4.03,2025-08-09,2.9604674090272924
5.0,0.0,32.6,1.623,0.179,0.0,141681,3.17,3.0,6.0,2.23,2025-07-30,3.0582575898647795
1.0,2.0,33.4,1.001,0.194,0.0,125218,3.06,0.0,3.0,2.52,2025-08-20,3.034301951522985
1.0,1.0,19.4,1.566,0.083,1.0,48091,4.04,0.0,11.0,3.88,2025-09-19,3.046009221581059
0.0,1.0,29.8,1.341,0.063,1.0,90347,3.13,1.0,7.0,3.14,2025-12-30,3.041944162037055
3.0,3.0,18.9,1.198,0.079,1.0,133148,3.17,2.0,12.0,2.38,2025-04-13,3.013266410547321
2.0,7.0,33.1,0.957,0.173,1.0,136126,2.72,0.0,11.0,2.33,2025-02-19,3.0820983132609805
5.0,6.0,30.9,1.625,0.151,1.0,100206,3.62,3.0,2.0,2.96,2025-04-20,3.1466564880282992
3.0,6.0,37.9,0.98,0.145,1.0,51965,3.01,0.0,7.0,3.82,2025-03-29,3.0154098177212205
4.0,6.0,17.3,1.119,0.11,2.0,102546,3.48,2.0,5.54,2.92,2025-01-20,3.041944162037055
5.0,3.0,17.0,1.101,0.137,0.0,98164,3.49,0.0,4.0,3.0,2025-01-14,3.037531183193787
5.0,1.0,22.3,1.631,0.096,0.0,78751,3.69,1.0,3.0,3.34,2025-05-13,3.044509155857308
1.0,5.0,21.8,1.45,0.122,0.0,136183,3.73,2.0,7.41,2.33,2025-10-23,2.9412144291660236
2.0,4.0,21.4,1.563,0.169,2.0,118448,3.37,0.0,10.0,2.64,2025-02-03,3.037531183193787
2.0,2.0,36.7,1.065,0.197,0.0,78190,3.08,1.0,4.0,3.35,2025-07-27,3.2014768663798443
4.0,4.0,21.5,1.406,0.19,2.0,39094,3.88,2.0,7.0,4.04,2025-10-28,2.9375177153896486
4.0,5.0,22.0,1.358,0.19,2.0,65188,3.04,0.0,10.0,3.58,2025-07-18,3.011032233730564
5.0,2.0,33.3,1.596,0.11,2.0,39049,3.36,1.0,3.0,4.04,2025-03-21,3.087997768086914
0.0,3.0,26.1,1.662,0.12,0.0,78831,3.19,3.0,8.0,3.34,2025-03-12,2.9942248458406215
1.0,5.0,33.7,0.848,0.156,2.0,147952,3.91,1.0,6.0,2.12,2025-06-04,3.09652277694896
1.0,6.0,17.2,1.451,0.188,0.0,52908,3.24,3.0,6.0,3.8,2025-03-19,3.2014768663798443
5.0,7.0,27.0,1.394,0.071,0.0,113286,3.16,0.0,12.0,2.73,2025-03-19,2.971753113841859
3.0,0.0,16.5,1.337,0.096,1.0,101511,3.65,1.0,8.0,2.94,2025-06-21,3.021062726997556
0.0,4.0,17.2,1.099,0.071,1.0,152682,3.51,3.0,10.0,2.03,2025-10-16,3.0128525792871326
5.0,1.0,36.7,1.117,0.142,2.0,116296,2.72,2.0,5.0,2.68,2025-02-02,3.062259065444224
0.0,1.0,18.9,1.159,0.096,2.0,88317,3.36,1.0,10.0,3.17,2025-10-27,2.9975199999999997
0.0,3.0,28.0,1.403,0.099,0.0,136247,3.72,0.0,12.0,2.32,2025-10-03,2.8745017071655603
0.0,2.0,25.2,1.141,0.061,2.0,89976,4.13,2.0,11.0,3.14,2025-01-07,3.026463940914762
5.0,1.0,23.8,1.505,0.102,2.0,43860,3.55,3.0,10.0,3.96,2025-06-09,2.9937236900826454
1.0,6.0,36.6,1.206,0.179,0.0,86701,3.14,1.0,5.0,3.2,2025-08-28,3.0146753909305652
1.0,4.0,16.2,0.9,0.085,2.0,82768,2.91,1.0,4.0,3.27,2025-01-24,3.0831076548036767
0.0,5.0,31.1,1.551,0.154,2.0,148184,3.94,0.0,3.0,2.11,2025-08-02,3.0115077099347927
3.0,6.0,38.0,1.098,0.144,0.0,64763,3.85,2.0,10.0,3.59,2025-03-11,3.0962788541735726
2.0,3.0,28.7,1.231,0.18,0.0,63963,2.92,1.0,3.0,3.6,2025-08-04,2.9975199999999997
5.0,6.0,37.4,1.462,0.07,1.0,145987,2.87,1.0,7.0,2.15,2025-04-14,3.021062726997556
2.0,5.0,16.9,1.14,0.197,0.0,101006,3.69,2.0,6.0,2.95,2025-08-03,3.1120282297979407
3.0,7.0,25.4,0.889,0.137,1.0,91073,3.05,1.0,6.0,3.12,2025-02-23,3.062259065444224
5.0,3.0,21.7,1.178,0.199,2.0,65423,3.04,2.0,7.44,3.58,2025-10-21,3.0648188372108853
0.0,7.0,32.6,1.697,0.187,0.0,126646,2.79,2.0,7.0,2.49,2025-11-26,3.0795279079411197
1.0,0.0,38.4,1.422,0.083,0.0,42018,2.97,2.0,6.0,3.99,2025-12-02,3.043530945336403
2.0,7.0,21.7,1.449,0.058,0.0,159077,3.23,0.0,12.0,1.92,2025-07-22,3.022545908717656
4.0,0.0,30.9,1.413,0.088,2.0,94937,3.72,2.0,5.0,3.06,2025-10-15,3.10689643256313
4.0,0.0,20.3,1.018,0.129,1.0,32328,3.08,2.0,7.22,4.16,2025-02-14,3.062259065444224
3.0,7.0,28.8,1.218,0.076,2.0,94670,3.07,3.0,7.0,3.06,2025-11-13,3.087997768086914
0.0,3.0,26.5,1.521,0.075,2.0,79899,3.0,3.0,12.0,3.32,2025-07-17,3.0115077099347927
2.0,2.0,38.2,0.93,0.119,0.0,49697,3.31,0.0,11.0,3.86,2025-08-04,3.0582575898647795
0.0,5.0,29.8,1.09,0.055,1.0,141498,2.84,2.0,11.0,2.23,2025-11-05,2.9550344537328104
2.0,6.0,23.8,1.089,0.068,2.0,139623,3.32,3.0,11.0,2.27,2025-11-28,3.2014768663798443
3.0,6.0,18.4,1.231,0.112,0.0,77706,3.67,3.0,4.0,3.36,2025-07-03,3.1117428131408658
3.0,5.0,19.2,1.73,0.059,2.0,79957,2.6,1.0,11.0,3.32,2025-01-27,3.044509155857308
4.0,4.0,20.9,0.899,0.11,2.0,99860,2.57,2.0,7.0,2.97,2025-06-15,3.10689643256313
0.0,4.0,21.5,1.31,0.121,0.0,155478,2.67,3.0,2.0,1.98,2025-11-14,3.062259065444224
5.0,0.0,35.4,1.001,0.118,0.0,136443,3.4,0.0,6.0,2.32,2025-10-01,3.0232032781531757
4.0,0.0,28.7,1.721,0.18,1.0,157045,3.91,1.0,11.0,1.96,2025-12-31,3.10689643256313
0.0,3.0,27.8,0.94,0.13,2.0,159196,2.56,1.0,7.0,1.92,2025-04-13,3.0831076548036767
4.0,1.0,18.4,1.205,0.12,0.0,45803,4.04,2.0,12.0,3.92,2025-11-29,2.9975199999999997
5.0,7.0,35.6,1.509,0.112,0.0,87243,2.72,2.0,9.0,3.19,2025-04-14,3.034301951522985
1.0,0.0,32.5,1.479,0.173,1.0,108139,3.89,1.0,12.0,2.82,2025-09-02,3.013513887499976
1.0,6.0,17.3,1.222,0.184,1.0,114974,3.32,0.0,10.0,2.7,2025-11-01,2.9412144291660236
1.0,3.0,32.1,1.153,0.178,0.0,57645,3.6,2.0,12.0,3.71,2025-06-18,3.021062726997556
1.0,7.0,28.3,1.199,0.151,1.0,150723,3.36,2.0,4.0,2.07,2025-04-26,3.0154098177212205
2.0,3.0,17.6,1.078,0.071,0.0,82690,3.31,1.0,3.0,3.27,2025-05-21,3.0146753909305652
1.0,7.0,26.3,1.024,0.092,2.0,127341,3.88,1.0,5.0,2.48,2025-12-22,3.0582575898647795
5.0,7.0,26.9,1.277,0.057,1.0,91857,3.75,2.0,9.0,3.11,2025-05-05,3.0962788541735726
3.0,5.0,19.6,1.082,0.19,2.0,97354,3.32,3.0,12.0,3.01,2025-01-25,3.022545908717656
3.0,0.0,37.6,1.099,0.149,2.0,34206,2.73,2.0,9.0,4.13,2025-07-13,3.0025806634131804
2.0,2.0,35.4,1.435,0.162,2.0,72467,2.73,3.0,4.0,3.45,2025-04-10,3.1120282297979407
1.0,3.0,31.2,1.719,0.097,0.0,40261,3.82,1.0,5.0,4.02,2025-01-05,2.8745017071655603
1.0,2.0,26.4,1.387,0.177,2.0,58440,3.39,3.0,4.0,3.7,2025-01-19,2.9550344537328104
1.0,3.0,25.3,0.907,0.089,2.0,156398,3.32,0.0,11.0,1.97,2025-06-19,3.021062726997556
4.0,5.0,30.8,0.906,0.05,2.0,151589,3.63,1.0,3.0,2.05,2025-10-01,3.0025806634131804
0.0,6.0,28.3,1.704,0.106,0.0,91001,3.92,2.0,5.0,3.12,2025-09-11,3.026463940914762
4.0,2.0,17.2,1.108,0.136,2.0,109867,3.55,2.0,7.0,2.79,2025-05-01,3.0025806634131804
0.0,6.0,27.6,0.921,0.122,2.0,112964,3.76,1.0,12.0,2.74,2025-02-01,3.09652277694896
1.0,4.0,34.4,1.383,0.179,1.0,113499,3.77,1.0,12.0,2.73,2025-05-29,3.09652277694896
1.0,0.0,26.4,1.405,0.066,0.0,132064,3.12,0.0,6.0,2.4,2025-09-23,3.011032233730564
4.0,0.0,16.9,1.428,0.133,2.0,113518,2.99,1.0,4.0,2.73,2025-02-06,3.043530945336403
4.0,1.0,33.9,1.081,0.127,1.0,154657,3.82,2.0,3.0,2.0,2025-06-26,3.020723950915925
0.0,5.0,20.4,0.851,0.092,0.0,113029,3.15,0.0,10.0,2.74,2025-12-08,2.9637103005195686
3.0,6.0,21.7,1.716,0.173,0.0,60861,3.99,2.0,2.0,3.66,2025-01-13,3.10689643256313
0.0,7.0,19.5,1.066,0.163,0.0,82868,2.66,3.0,10.0,3.27,2025-07-02,3.016381209738393
4.0,3.0,23.4,1.453,0.16,0.0,141649,2.64,1.0,2.0,2.23,2025-05-25,3.043530945336403
5.0,0.0,33.2,1.481,0.181,0.0,105602,4.02,3.0,8.0,2.87,2025-09-22,2.9550344537328104
4.0,2.0,27.7,1.393,0.158,0.0,127680,3.58,2.0,7.0,2.48,2025-03-29,3.034301951522985
5.0,3.0,20.5,1.122,0.085,2.0,127268,3.15,3.0,8.0,2.48,2025-02-15,2.9604674090272924
2.0,3.0,36.0,1.084,0.156,2.0,61804,3.75,3.0,4.0,3.64,2025-04-29,3.016381209738393
4.0,1.0,36.1,1.382,0.096,2.0,148416,3.62,2.0,4.0,2.11,2025-01-19,2.971753113841859
2.0,6.0,35.9,1.626,0.086,2.0,69446,3.39,2.0,12.0,3.51,2025-08-08,2.9937236900826454
3.0,0.0,21.3,1.699,0.061,1.0,72597,2.71,1.0,2.0,3.45,2025-08-21,3.013513887499976
0.0,3.0,26.2,0.934,0.162,2.0,118694,3.84,3.0,5.0,2.64,2025-04-04,3.037531183193787
5.0,0.0,38.5,0.978,0.157,0.0,159473,3.93,0.0,3.0,1.91,2025-09-08,3.013513887499976
0.0,7.0,33.6,1.698,0.085,2.0,158242,2.82,0.0,11.0,1.94,2025-09-07,3.037531183193787
2.0,1.0,16.4,1.508,0.162,2.0,100907,3.9,2.0,9.0,2.95,2025-10-09,3.043530945336403
5.0,7.0,17.2,1.641,0.188,0.0,49239,3.95,2.0,4.0,3.86,2025-08-20,3.016381209738393
0.0,0.0,26.5,1.022,0.066,2.0,122767,3.42,3.0,8.0,2.56,2025-02-15,3.062259065444224
4.0,4.0,36.8,1.372,0.085,2.0,83015,3.59,2.0,8.0,3.27,2025-02-15,3.0232032781531757
1.0,2.0,28.2,1.476,0.163,2.0,76760,3.16,0.0,10.0,3.38,2025-01-14,3.1074473460558387
2.0,0.0,27.2,1.457,0.091,1.0,98876,3.0,1.0,7.0,2.99,2025-03-26,3.034301951522985
0.0,6.0,18.2,1.209,0.144,2.0,100522,3.7,1.0,2.0,2.96,2025-11-15,3.046009221581059
2.0,3.0,30.9,0.851,0.062,0.0,44966,3.92,3.0,9.0,3.94,2025-11-24,3.09652277694896
2.0,3.0,34.8,1.368,0.118,0.0,94419,3.59,1.0,2.0,3.06,2025-01-03,3.0146753909305652
5.0,7.0,24.5,1.068,0.161,2.0,67621,3.36,2.0,4.0,3.54,2025-01-28,3.0962788541735726
5.0,2.0,33.7,1.247,0.153,2.0,34079,2.8,2.0,12.0,4.13,2025-06-06,3.0025806634131804
1.0,1.0,38.0,1.709,0.172,2.0,45486,2.63,2.0,6.0,3.93,2025-12-09,3.026463940914762
4.0,4.0,20.4,1.201,0.182,0.0,48759,3.26,2.0,9.0,3.87,2025-11-29,3.0831076548036767
2.0,5.0,27.8,1.602,0.166,0.0,118546,2.63,3.0,10.0,2.64,2025-11-28,2.9942248458406215
0.0,2.0,22.4,1.009,0.151,1.0,120055,3.46,1.0,8.0,2.61,2025-06-24,3.016381209738393
3.0,3.0,34.1,1.45,0.055,1.0,37357,3.16,0.0,8.25,4.07,2025-04-24,2.9375177153896486
2.0,6.0,29.1,1.727,0.13,1.0,92963,3.75,1.0,12.0,3.09,2025-11-27,2.9412144291660236
2.0,2.0,30.4,0.93,0.056,0.0,51033,3.04,2.0,4.0,3.83,2025-09-07,2.9604674090272924
1.0,7.0,34.2,0.845,0.171,1.0,51457,3.49,0.0,6.0,3.82,2025-02-28,3.2014768663798443
4.0,7.0,24.9,1.232,0.098,2.0,67330,3.4,3.0,11.0,3.54,2025-07-22,3.0025806634131804
3.0,5.0,36.9,0.922,0.134,2.0,51913,2.56,2.0,9.0,3.82,2025-11-11,3.10689643256313
5.0,6.0,28.1,1.519,0.092,0.0,140912,2.67,2.0,2.0,2.24,2025-08-27,3.2014768663798443
5.0,1.0,19.4,1.67,0.167,1.0,147380,3.01,0.0,9.0,2.13,2025-08-22,2.8745017071655603
0.0,2.0,31.8,1.3715,0.183,2.0,115328,3.95,3.0,8.0,2.69,2025-10-30,3.1117428131408658
3.0,6.0,34.1,1.073,0.11,0.0,118582,2.78,0.0,2.0,2.64,2025-04-05,3.043530945336403
5.0,1.0,23.1,1.233,0.179,1.0,37488,3.68,3.0,11.0,4.07,2025-05-21,3.034301951522985
0.0,6.0,35.6,1.496,0.09,2.0,139406,4.1,2.0,11.0,2.27,2025-11-30,3.0128525792871326
4.0,6.0,36.7,0.845,0.13,1.0,160646,3.81,1.0,7.0,1.89,2025-04-23,3.0280315598013106
0.0,0.0,22.1,1.374,0.179,0.0,61980,2.94,2.0,2.0,3.64,2025-04-19,3.0232032781531757
5.0,7.0,38.5,1.396,0.099,1.0,135661,3.99,1.0,3.0,2.34,2025-12-28,3.0795279079411197
1.0,2.0,19.0,1.418,0.193,0.0,92419,2.7,1.0,6.0,3.1,2025-12-11,3.0124907129248815
1.0,6.0,20.4,1.058,0.068,1.0,134602,3.29,3.0,3.0,2.35,2025-10-16,3.0795279079411197
1.0,2.0,20.0,1.488,0.053,2.0,106700,3.96,0.0,11.0,2.85,2025-04-07,2.9937236900826454
5.0,5.0,36.4,0.92,0.186,0.0,88018,3.57,3.0,2.0,3.18,2025-12-01,3.0222951873117756
1.0,6.0,30.9,1.019,0.06,0.0,68745,3.21,2.0,7.0,3.52,2025-01-16,3.0232032781531757
3.0,3.0,19.2,1.636,0.199,0.0,38096,3.02,0.0,9.0,4.06,2025-02-13,3.0115077099347927
4.0,7.0,25.9,1.51,0.193,1.0,79518,3.15,1.0,9.0,3.33,2025-08-18,3.09652277694896
0.0,3.0,30.0,0.85,0.071,1.0,71431,3.36,1.0,9.0,3.47,2025-04-18,3.020723950915925
0.0,2.0,17.7,1.063,0.131,2.0,40423,3.06,2.0,12.0,4.02,2025-08-05,3.011032233730564
5.0,2.0,36.1,1.033,0.078,0.0,40522,4.09,0.0,7.0,4.02,2025-09-17,3.2014768663798443
1.0,7.0,34.3,1.084,0.114,0.0,56374,4.03,2.0,12.0,3.74,2025-11-08,2.9637103005195686
1.0,2.0,27.4,1.063,0.059,1.0,144258,3.93,2.0,4.0,2.18,2025-11-16,3.0280315598013106
2.0,3.0,38.1,0.894,0.084,1.0,148388,3.22,3.0,2.0,2.11,2025-07-15,2.9375177153896486
4.0,6.0,25.4,1.255,0.104,2.0,62125,3.65,2.0,3.0,3.64,2025-04-05,3.0146753909305652
3.0,6.0,38.5,1.505,0.116,2.0,69139,3.99,0.0,6.0,3.51,2025-02-25,3.021062726997556
0.0,0.0,31.2,1.39,0.197,1.0,139412,3.9,2.0,11.0,2.27,2025-02-01,2.8482505569999232
2.0,5.0,30.4,1.45,0.171,0.0,159814,3.21,0.0,6.0,1.91,2025-08-19,3.0582575898647795
2.0,2.0,19.6,0.911,0.161,2.0,100622,2.73,1.0,7.33,2.95,2025-01-09,3.013266410547321
5.0,3.0,36.1,1.704,0.131,1.0,88621,2.67,2.0,7.68,3.17,2025-07-10,3.0128525792871326
0.0,2.0,25.6,1.601,0.176,1.0,131474,3.47,0.0,2.0,2.41,2025-12-27,2.9375177153896486
5.0,2.0,19.5,1.57,0.101,0.0,134800,3.57,1.0,10.0,2.35,2025-07-19,2.9637103005195686
3.0,1.0,16.0,1.587,0.156,1.0,142400,3.9,0.0,3.0,2.22,2025-11-30,3.0115077099347927
2.0,0.0,28.7,1.687,0.199,1.0,58288,3.02,1.0,8.0,3.7,2025-06-10,2.8482505569999232
2.0,3.0,27.9,1.333,0.097,2.0,67807,2.82,3.0,11.0,3.54,2025-03-28,3.1120282297979407
4.0,3.0,32.4,1.02,0.151,1.0,131544,3.15,2.0,5.0,2.41,2025-01-21,3.016381209738393
3.0,2.0,36.3,1.399,0.177,1.0,130944,3.11,2.0,8.0,2.42,2025-11-07,3.0962788541735726
2.0,0.0,17.6,1.514,0.187,2.0,158088,2.76,1.0,9.0,1.94,2025-03-17,3.022545908717656
3.0,6.0,32.7,1.509,0.158,0.0,127551,3.62,3.0,6.0,2.48,2025-05-21,3.1120282297979407
0.0,3.0,20.1,1.312,0.093,0.0,56106,3.36,0.0,2.0,3.74,2025-05-06,3.043530945336403
1.0,6.0,35.6,0.9,0.099,2.0,69201,3.7,3.0,5.0,3.51,2025-09-08,3.021062726997556
2.0,0.0,34.7,1.175,0.053,2.0,49343,3.11,0.0,11.0,3.86,2025-03-25,3.011032233730564
4.0,6.0,28.2,1.676,0.164,0.0,108061,3.07,0.0,4.0,2.82,2025-02-17,2.9604674090272924
0.0,7.0,32.2,1.37,0.056,0.0,42052,3.3,2.0,11.0,3.99,2025-03-19,3.2014768663798443
3.0,1.0,23.0,1.328,0.18,0.0,101293,3.95,1.0,6.0,2.94,2025-01-30,3.0124907129248815
5.0,4.0,26.6,1.082,0.068,0.0,74916,2.61,2.0,11.0,3.41,2025-10-12,3.0962788541735726
0.0,3.0,34.7,1.173,0.076,0.0,84427,3.83,2.0,11.0,3.24,2025-05-16,3.011032233730564
2.0,5.0,26.4,1.653,0.121,2.0,107077,3.14,2.0,7.51,2.84,2025-05-20,3.011032233730564
3.0,1.0,24.0,1.444,0.161,1.0,32753,3.91,0.0,3.0,4.15,2025-02-10,3.087997768086914
1.0,4.0,27.2,1.554,0.071,0.0,107732,3.83,2.0,8.0,2.83,2025-10-09,3.087997768086914
0.0,6.0,34.9,1.251,0.116,0.0,155172,3.1,0.0,4.0,1.99,2025-02-19,3.016381209738393
2.0,3.0,23.5,1.411,0.122,1.0,119662,3.65,1.0,2.0,2.62,2025-09-15,3.013513887499976
4.0,6.0,19.7,1.063,0.082,1.0,43276,2.8,0.0,11.0,3.97,2025-11-07,3.1466564880282992
5.0,7.0,32.2,1.48,0.067,1.0,146476,3.98,0.0,4.0,2.14,2025-12-26,2.9604674090272924
3.0,0.0,34.8,1.227,0.175,1.0,131422,3.19,3.0,10.0,2.41,2025-09-27,2.9937236900826454
0.0,3.0,18.1,1.24,0.125,1.0,102704,3.27,2.0,11.0,2.92,2025-05-14,2.9412144291660236
0.0,4.0,21.3,1.429,0.052,1.0,114232,3.67,2.0,12.0,2.71,2025-08-22,3.0795279079411197
1.0,4.0,19.0,1.69,0.17,2.0,129470,3.86,2.0,12.0,2.44,2025-05-08,2.9975199999999997
1.0,7.0,23.8,0.896,0.197,1.0,110007,2.93,2.0,7.0,2.79,2025-04-14,3.0128525792871326
4.0,7.0,26.1,1.588,0.141,1.0,121947,3.6,3.0,12.0,2.58,2025-09-11,3.0962788541735726
5.0,2.0,33.1,1.104,0.126,2.0,65988,3.17,3.0,7.0,3.57,2025-04-05,3.1466564880282992
4.0,3.0,30.8,1.242,0.182,1.0,119140,3.14,3.0,5.0,2.63,2025-12-03,3.1466564880282992
2.0,6.0,30.1,0.857,0.193,0.0,149406,3.65,3.0,9.0,2.09,2025-08-05,3.0582575898647795
2.0,5.0,23.9,1.111,0.163,0.0,140110,3.17,2.0,6.0,2.26,2025-03-02,3.013266410547321
4.0,4.0,35.2,1.295,0.117,1.0,137079,3.1,0.0,8.0,2.31,2025-09-25,3.1466564880282992
